Title,Content
2018 Kingston upon Thames London Borough Council election,"Kingston upon Thames London Borough Council, which styles itself Kingston Council, is the local authority for the Royal Borough of Kingston upon Thames in Greater London, England. It is a London borough council, one of 32 in London. The council has been under Liberal Democrat majority control since 2018. It is based at Kingston upon Thames Guildhall. History The town of Kingston upon Thames was an ancient borough, having been formally incorporated in 1441, with a long history prior to th"
Libraries and the US National Research and Education Network,"Libraries operate as part of the technological infrastructure that supports the National Research and Education Network (NREN), acting as an electronic safety net for the American public to guarantee basic access to electronic information.  Public libraries are in particular capable to take on this role, as they already serve such a role in a print-based society. They not only provide electronic information and network connectivity but also provide training and education to the public on how to "
Scandinavian–Mediterranean Corridor,"The Scandinavian–Mediterranean Corridor, shortened as Scan–Med Corridor and known also as Helsinki–Valletta Corridor, is the 5th of 10 priority axes of the Trans-European Transport Network. Description The Scan–Med Corridor is the longest of the nine TEN-T Core Network Corridors, it develops its network from the Seine to the Danube on the following three axes and through the following European cities (see route in magenta on the official TEN-T map published on the European Union website "
Moruleng Stadium,"Moruleng Stadium is a multi-purpose stadium in the village of Moruleng, a small mining community located approximately 60 kilometres (37 mi) from Rustenburg in the North West Province, South Africa. It is currently used mostly for football matches and serves as the home stadium of Platinum Stars.  The stadium was part of Rustenburg's World Cup 2010 host city proposals and was also used as a training venue for the 2009 FIFA Confederations Cup.The stadium was constructed by South African companie"
Mount Fure,"Mount Fure (フレ岳, Fure-dake) is a mountain in the Nasu Volcanic Zone. It is located in Chitose, Hokkaidō, Japan. The mountain is the source of the Shiribetsu River. References "
Bogusław Wołoszański,"Bogusław Wołoszański (born March 22, 1950, in Piotrków Trybunalski) is a Polish journalist, author, populariser of history, and politician. He is well known as the author of historical books and the originator and creator of the TVP1 television program ""Sensations of the 20th Century."" Wołoszański serves as MP for the 10th Sejm. Early life and education Bogusław Wołoszański was born to Marian Wołoszański (1908–2004), a teacher and headmaster of a boarding school in Piotrków Trybunalski, "
Native American trade,"The Native American trade refers to the historic trade between the Indigenous people of North America and European settlers. The period begins before the colonial period, continuing through the 19th century and declining around 1937.The term Native American Trade in this context describes the people involved in the trade. The products involved varied by region and era. In most of Canada, the term is synonymous with the fur trade, since fur for making beaver hats was by far the most valuable pro"
The American Rationalist,"The American Rationalist is a bi-monthly journal of secular humanist opinion and commentary published by the Center for Inquiry. S. T. Joshi is the current editor and writes the ""Stupidity Watch"" column for the journal.Feature articles cover a wide range of topics from a freethought viewpoint including science and religion, separation of church and state, and applied philosophy. Regular contributors include well-known scholars in the fields of science and philosophy. Notable columnists "
Short-chain acyl-CoA dehydrogenase,"Short-chain acyl-CoA dehydrogenase (EC 1.3.8.1, butyryl-CoA dehydrogenase, butanoyl-CoA dehydrogenase, butyryl dehydrogenase, unsaturated acyl-CoA reductase, ethylene reductase, enoyl-coenzyme A reductase, unsaturated acyl coenzyme A reductase, butyryl coenzyme A dehydrogenase, short-chain acyl CoA dehydrogenase, short-chain acyl-coenzyme A dehydrogenase, 3-hydroxyacyl CoA reductase, butanoyl-CoA:(acceptor) 2,3-oxidoreductase, ACADS (gene).) is an enzyme with systematic name short-chain acyl-CoA"
Hisonotus alberti,Hisonotus alberti is a species of catfish in the family Loricariidae. It is a freshwater species native to the basins of the Paraná River and the São Francisco River in Brazil. The species was described in 2016. and is not listed by FishBase. References 
Leucoptera lotella,"Leucoptera lotella is a moth in the Lyonetiidae family. It is found from Denmark to Portugal, Italy and Croatia, and from Great Britain to Poland and Hungary.The wingspan is 5-6 mm. The forewings are light shining metallic grey ; apical half beyond an oblique line orange, enclosing two white dark -edged costal spots, and a post-tornal pale golden spot partly black-edged anteriorly and followed by a coppery black apical spot ; a black vertical bar in cilia at apex, a bar before and two diverging"
Glyptostoma,"Glyptostoma is a genus of air-breathing land snails, terrestrial pulmonate gastropod mollusks in the family Megomphicidae.These are large (to about 40 mm or 1.5 inches in diameter) dark brown snails, much shorter than wide. They are found in hilly areas, or low mountains, along the Pacific coast of North America, from California to Baja California. Species Species and subspecies within the genus Glyptostoma include:Glyptostoma gabrielense Pilsbry, 1938Glyptostoma newberryanum (Binney"
Asian Surfing Championships,"The Asian Surfing Championships is an association that promotes the sport of surfing in Asia through the organization of competitions. History The Asian Surfing Championships was created in 2011. They are headquartered in Bali and led by Tipi Jabrik. ASC promotes surfing in Asian countries and helps other countries establish events. The Championship develops the skills of surfers through competition, brings media attention to formerly unfamiliar regions and aids in the advancement of sur"
Nectandra cerifolia,Nectandra cerifolia is a species of plant in the family Lauraceae. It is endemic to Ecuador.  Its natural habitat is subtropical or tropical moist montane forests. References 
2014–15 Yeovil Town F.C. season,"The 2014–15 season was the 12th season in the Football League played by Yeovil Town Football Club, an English football club based in Yeovil, Somerset. Their relegation from the Championship in the 2013–14 season meant an immediate return to League One.Manager Gary Johnson signed ten players before the close of the summer transfer window. The season started poorly with two consecutive league defeats and despite a brief improvement in form in late August and September, Yeovil remained in the rele"
May High School,"May High School is a public high school located in May, Texas (USA) and classified as a 1A school by the UIL. It is part of the May Independent School District located in northeastern Brown County. For the 2021-2022 school year, the school was given a ""B"" by the Texas Education Agency. Athletics The May Tigers compete in these sports - BaseballBasketballCross Country6-Man FootballGolfTrack and FieldSoftballHot dog eating contest= State titles =6-Man Football 1977(6M)"
Quiet Electric Drive,"Quiet Electric Drive (QED)—sometimes called by the misnomer Quiet Electronic Drive—is an Office of Naval Research (ONR)-sponsored program to develop technologies for silent maritime propulsion for the United States Navy.According to the ONR, QED's role is to ""address the Navy's operational gaps in surface ship and submarine maneuverability and acoustic signature. Quiet Electric Drives, or QEDs, are quiet, efficient and power dense. The primary objective of QED is demonstrating the utility of th"
The Outlet Collection at Riverwalk,"The Outlet Collection at Riverwalk, previously known as Riverwalk Marketplace until 2014, is an outlet mall located in the Central Business District of New Orleans, Louisiana.  It is located along the Mississippi River waterfront, stretching from the base of Canal Street, upriver to the New Orleans Morial Convention Center, and is connected to the adjacent Hilton New Orleans Riverside Hotel. It is owned by RockStep Capital, on land leased from the Port of New Orleans. History By the star"
Henderson v. United States (2013),"Henderson v. United States, 568 U.S. 266 (2013), was a United States Supreme Court case in which the Court held regardless of whether a legal question was settled or unsettled at the time of trial, an error is ""plain"" within the meaning of Rule 52(b) of Federal Rule of Criminal Procedure so long as the error was plain at the time of appellate review. Background Armarcion D. Henderson pleaded guilty to possessing a firearm while being a felon; a federal violation. The sentencing guideline"
Lily Lake (Florida),"Lily Lake is a somewhat rectangular lake with a small cove on its western side. Situated within the Lily Lake Golf Resort, a private retirement golf community along US Highway 27, the lake is located approximately 2 miles (3,200 m) southwest of Frostproof, Florida. The surface area of the Lily Lake community encompasses 9.78-acre (39,600 m2). This lake is man-made, potentially resulting from dredged or excavated. It has part of the Resort community's nine-hole golf course along part of its shor"
UEFA Euro 2016 qualifying,"The UEFA Euro 2016 qualifying tournament was a football competition that was played from September 2014 to November 2015 to determine the 23 UEFA member men's national teams joining the automatically qualified host team France in the UEFA Euro 2016 final tournament.A total of 53 national teams participated in this qualifying process, with Gibraltar taking part for the first time. The draw took place at the Palais des Congrès Acropolis, Nice, on 23 February 2014. Qualified teams  For"
Reference Re Manitoba Language Rights,"Reference Re Manitoba Language Rights, [1985] 1 S.C.R. 721, was a reference question posed to the Supreme Court of Canada regarding provisions in the Manitoba Act stipulating the provision of French language services in the province of Manitoba. The Court heard the appeal in June 1984 and gave its ruling a year later, on June 13, 1985.Four questions were asked:Are sections 133 of the Constitution Act, 1867, and 23 of the Manitoba Act, 1870, requiring laws be in both French and English, mandat"
Miss Dominican Republic 1980,"Miss Dominican Republic (Spanish: Miss República Dominicana)  is an annual national beauty pageant that selects the Dominican Republic's official representative to Miss Universe—one of the Big Four International beauty pageants. History Miss Dominican Republic Organization has been in operation since 1927. In 1956, the pageant was officially restarted after crowning models from 1952 until 1955. In 1956, Olga Fiallo from Santiago won, making the Dominican Republic's first representative "
Máximo Garay,"Máximo Garay S. (Hungarian: Garay Miksa, 10 June 1898 – 8 August 1960) was a Hungarian naturalized Chilean football manager. Career Born Miska Garay Magnuzs in Hungary, he naturalized Chilean. He worked for clubs in Argentina and Chile. In addition, he was the manager of both El Salvador and Chile national teams. In 1940, he was the manager of Colo-Colo. References  External links Futbolistas extranjeros en Chile"
Glazed architectural terra-cotta,"Glazed architectural terra cotta is a ceramic masonry building material used as a decorative skin. It featured widely in the 'terracotta revival' from the 1880s until the 1930s. It was used in the UK, United States, Canada and Australia and is still one of the most common building materials found in U.S. urban environments. It is the glazed version of architectural terracotta; the material in both its glazed and unglazed versions is sturdy and relatively inexpensive, and can be molded into rich"
Tetrakis hexahedron,"In geometry, a tetrakis hexahedron (also known as a tetrahexahedron, hextetrahedron, tetrakis cube, and kiscube) is a Catalan solid. Its dual is the truncated octahedron, an Archimedean solid.It can be called a disdyakis hexahedron or hexakis tetrahedron as the dual of an omnitruncated tetrahedron, and as the barycentric subdivision of a tetrahedron. Cartesian coordinates Cartesian coordinates for the 14 vertices of a tetrakis hexahedron centered at the origin, are the points       "
R. T. Greer and Company Root and Herb Warehouse,"R. T. Greer and Company Root and Herb Warehouse was a historic warehouse located near Todd, Ashe County, North Carolina.  It was built about 1918, and was a two-story, rectangular, timber framed commercial building.  It was sheathed in corrugated metal sheet siding and rested on a brick pier foundation.It was listed on the National Register of Historic Places in 2003.The building was left destroyed by Hurricane Helene in September 2024. Floodwaters from heavy rainfall and the nearby New River "
Hibla Gerzmava,"Hibla Leverasovna Gerzmava (Russian: Хи́бла Лева́рсовна Герзма́ва; Abkhaz: Хьыбла Леуарса-иҧҳа Герзмаа; born 6 January 1970) is an Abkhazian-Russian operatic soprano who currently resides in Moscow. Education and career Gerzmava since 1995 she has been a soloist of the Stanislavski and Nemirovich-Danchenko Theatre.In 2008 Gerzmava made her Covent Garden debut as Tatyana in Eugene Onegin. Her voice being described as clear and focused, yet also full of colour and with a reservoir of powe"
2024 OFC Men's Nations Cup qualification,The 2024 OFC Men's Nations Cup qualifying round served as qualification for the 2024 OFC Men's Nations Cup. This tournament marked the first time since 2002 that qualification for the OFC Nations Cup was not held in conjunction with the FIFA World Cup qualification rounds for OFC. Tonga was confirmed as qualification hosts on 1 December 2023. The tournament took place from 20 to 26 March 2024. Format Three teams played a single round-robin tournament held in Tonga. All matches were held 
"Winchendon (CDP), Massachusetts","Winchendon is a census-designated place (CDP) in the town of Winchendon in Worcester County, Massachusetts, United States. The population was 4,160 at the 2020 census. Geography Winchendon is located at 42°41′2″N 72°2′48″W (42.684161, -72.046811).According to the United States Census Bureau, the CDP has a total area of 6.3 km2 (2.5 mi2), of which 5.9 km2 (2.3 mi2) is land and 0.4 km2 (0.2 mi2) (6.94%) is water. Demographics As of the census of 2000, there were 4,246 people, 1,6"
Master of the Friedberg Altarpiece,"The Master of the Friedberg Altarpiece (German: Meister des Friedberger Altars) was an otherwise unknown German painter, active at the end of the fourteenth century.  He is named for an altarpiece painted for the church of Saint Mary in Friedberg, Hesse, known as the Greater Friedberg Altarpiece, currently in a museum collection in Darmstadt."
Malaysia–Ukraine relations,"Malaysia–Ukraine relations are the bilateral relations between Malaysia and Ukraine. Malaysia has an embassy in Kyiv, and Ukraine has an embassy in Kuala Lumpur. History Diplomatic relations between the two countries was established on 3 March 1992, and Malaysia was among the first countries to recognise the independence of Ukraine. In 2003, Malaysian Prime Minister Mahathir Mohamad paid an official visit to meet the President of Ukraine Leonid Kuchma. Since the visit, the relations betw"
Norat Ter-Grigoryants,"Norat Grigoryevich Ter-Grigoryants (Armenian: Նորատ Գրիգորիի Տեր-Գրիգորյանց, Russian: Нора́т Григо́рьевич Тер-Григорья́нц; born 16 July 1936) is a retired Soviet and Armenian lieutenant-general who played a leading role in developing the Armed Forces of Armenia in 1992–1995, including during the First Nagorno-Karabakh War.An Armenian from the Russian Soviet Federative Socialist Republic who served as chief of staff for the Soviet 40th Army in Afghanistan and deputy chief of the Soviet Ground Fo"
Vinayaka Krishna Gokak,"Vinayaka Krishna Gokak (9 August 1909 – 28 April 1992), abbreviated in Kannada as Vi. Kru. Gokak, was an Indian writer in the Kannada language and a scholar of English and Kannada literatures. He was the fifth writer to be honoured with the Jnanpith Award in 1990 for Kannada language, for his epic Bharatha Sindhu Rashmi. Bharatha Sindhu Rashmi deals with the Vedic age and is perhaps the longest epic narrative in any language in the 20th century. In 1961, Gokak was awarded the Padma Shri from the"
Guy Georges,"Guy Georges (born Guy Rampillon; 15 October 1962) is a French serial killer and serial rapist, dubbed le tueur de l'Est Parisien (the East Paris killer) or The Beast of the Bastille. He was convicted on 5 April 2001, of murdering seven women between 1991 and 1997. He was sentenced to life in prison without the possibility of parole for 22 years. Background Guy Georges was born Guy Rampillon on 10 or 15 October 1962 to a French mother and an African American father (George Cartwright, U.S"
Robert Milchrist Cannon,"Robert Milchrist Cannon (August 16, 1901 – September 3, 1976) was a United States Army lieutenant general.  He was notable for his World War II service in the China Burma India Theater and his command of the Sixth United States Army. Early life A member of Utah's prominent Cannon family, Robert Milchrist Cannon was born on August 16, 1901, in Salt Lake City, Utah. Early military career Cannon attended the University of Utah for two years, before transferring to the United States"
Sainte-Thérèse Island (St. Lawrence River),"Île Sainte-Thérèse (English: Sainte-Thérèse Island) is an island of the Saint Lawrence River, located northeast of Island of Montreal. Administratively attached to the municipality of Varennes, located in the Marguerite-D'Youville Regional County Municipality, in Montérégie, in the province of Quebec, in Canada.This island has an area of approximately 5.4 square kilometres (2.1 sq mi), making it the fifth most extensive island in the Hochelaga Archipelago. Geography Île Sainte-Thérèse "
Agricultural & Applied Economics Association,"The Agricultural & Applied Economics Association is a not-for-profit professional association for those interested in the field of agricultural and applied economics. The association holds an annual meeting every year.It publishes three journals, the American Journal of Agricultural Economics, Applied Economic Perspectives and Policy, and the Journal of the Agricultural & Applied Economics Association, all of which are published by Wiley. References  External links Official websi"
Trachelophora affinis,Trachelophora affinis is a species of beetle in the family Cerambycidae. It was described by Stephan von Breuning in 1982. It is known from Borneo. References 
Freedmen's Normal Institute,"Freedmen's Normal Institute was a school in Maryville, Tennessee in Eastern Tennessee established to train African American teachers. The school was built in 1872 and opened in 1873. It was co-founded by newspaper publisher William Bennett Scott Sr., Thomas B. Lillard Sr., others, and support from Quakers. It closed in 1901.The University of Tennessee has a photo of a group on its porch and another of some pupils. A historical marker commemorates the school.The Friends Church (Maryville, Tenne"
N. Y. Gopalakrishna,"N. Yallappa Gopalakrishna is an Indian social worker and politician from the state of Karnataka. He is a six-time member of the Karnataka Legislative Assembly from Molakalmuru. He represented Kudligi and Bellary Rural previously. Constituency He is the representative of the Molakalmuru constituency, being elected in 2023. He previously served as MLA from Kudligi from 2018 till 2023. He represented Bellary Rural from 2014 till 2018. He won the polls and represented the Molakalmuru constit"
1947 Harbor Bowl,"The 1947 Harbor Bowl was an American college football bowl game played on January 1, 1947 at Balboa Stadium in San Diego, California. The game pitted the New Mexico Lobos and the Montana State Bobcats. This was the inaugural Harbor Bowl game played. Background The Lobos were 4-2-1 in the Border Intercollegiate Athletic Association, with wins over Northern Arizona, West Texas A&M, New Mexico State, and Texas Western. They lost to Hardin-Simmons (the BIAA champion), Utah, Colorado, Texas T"
Prussian G 4.1,"The Prussian Class G 4 were German, six-coupled, goods train, steam locomotives with a boiler pressure of 12 bar, built primarily for the Prussian state railways. Classified by the state railway in 1905, they included 16 locomotives from the railway division of Mainz, that originally came from the Hessian Ludwigsbahn. These earlier locomotives were delivered between 1872 and 1896 and did not meet the Prussian norms.The later G 4.1 engines were an evolutionary development of the Prussian G 3, bu"
Digte,"Digte (English: ""Poems"") is a collection of poetry by Henrik Ibsen, published on 3 May 1871. It included poems written between 1847 and 1870, the best known being the poem ""Terje Vigen"".An extended edition was published in December 1875, including four other poems. External links Runeberg.org Original edition References "
Jim Steinmeyer,"Jim Steinmeyer (born November 1, 1958) is an American author, inventor, and designer of magical illusions and theatrical special effects. He holds four US patents in the field of illusion apparatus, including a modern version of the Pepper's Ghost illusion. Steinmeyer has consulted for many famous magicians, including David Copperfield, Doug Henning, Siegfried and Roy, and Lance Burton.Steinmeyer is also known for his work on Broadway, and received two Drama Desk nominations for his effects in "
Viviana Gibelli,"Viviana Águeda Gibelli Gómez (born 22 December 1965) is a Venezuelan actress, tv host, and beauty pageant titleholder. She participated at Miss Venezuela 1987 obtaining the position of second finalist, she represented Venezuela in the contest: Miss Wonderland 1987 where she was crowned queen of the American continent. Biography Gibelli's father is of Brazilian-Italian descent while her mother is of Cuban origin. Gibelli has two brothers and has confessed that she prefers male friendships"
Maldives at the Asian Games,Maldives first competed at the Asian Games in 1990. Medal tables = Medals by Asian Games = References 
Laura Z. Hobson,"Laura Zametkin Hobson (June 19, 1900 – February 28, 1986) was an American writer, best known for her novelsGentleman's Agreement (1947) and Consenting Adult (1975). Early life and career Laura Kean Zametkin was born on June 19, 1900 in Manhattan, New York City. Raised in Jamaica, Queens, she was the twin daughter of Russian Jewish immigrants Mikhail (Michael) Zametkin (c. 1861–1935) and Adella Kean Zametkin (c. 1863–1931), both of whom were Socialists. Michael Zametkin was a labor organ"
Grzegorz Fitelberg,"Grzegorz Fitelberg (18 October 1879 – 10 June 1953) was a Polish conductor, violinist and composer. He was a member of the Young Poland group, together with artists such as Karol Szymanowski, Ludomir Różycki and Mieczysław Karłowicz. Life and career Fitelberg was born into a Jewish family (father Hozjasz Fitelberg, mother Matylda Pintzof, sister Leja Wacholder, 1881–1941, were all murdered in the Holocaust), in Daugavpils, Russian Empire (now Latvia). Between 1906 and 1907, he performed "
Sydfalster,"Until 1 January 2007 Sydfalster was a municipality (Danish, kommune) in the former Storstrøm County on the southern end of the island of Falster in south Denmark.   Overview The municipality covered an area of 113 km², and had a total population of 6,953 (2005), which was approx. quadrupled in the summer months, when tourists come to the beaches and resorts of the east coast of the island.  Its last mayor was Hans Aage Petersen, a member of the Conservative People's Party (Det Konservati"
Ayana Onozuka,"Ayana Onozuka (小野塚彩那, Onozuka Ayana, born March 23, 1988) is a Japanese freestyle skier. She won a bronze medal at the 2014 Sochi Winter Olympics and the 2013 FIS Freestyle World Ski Championships. References  External links Ayana Onozuka at the International Ski and Snowboard Federation Ayana Onozuka at Olympics.comAyana Onozuka at Olympic.org (archived)Ayana Onozuka at Olympedia Ayana Onozuka at the X Games (archived)"
Melanoplus ordwayae,"Melanoplus ordwayae, known generally as the trail ridge scrub grasshopper or ordway melanoplus grasshopper, is a species of spur-throated grasshopper in the family Acrididae. It is found in North America. References "
Divya Mani Rajbhandari,Dibya Mani Rajbhandari (or Dibyamani Rajbhandari) is a Nepali politician and a member of the House of Representatives of the federal parliament of Nepal. He was elected under the proportional representation system from Nepali Congress filling the reserved seat for the Indigenous group. References 
Pennsylvania Railroad class E1,"Pennsylvania Railroad's E1 class comprised three experimental Atlantic 4-4-2 locomotives built in 1899 to compete with the Reading Railroad on the Philadelphia, Pennsylvania (Camden, New Jersey), to Atlantic City, New Jersey, high-speed seashore passenger train service. These engines were designed as cab-center or camelback locomotives with wide fireboxes and 80 in (2,032 mm) drivers that carried 50,000 lb (22,680 kg) per axle. They proved capable in fast service but the inherent danger of separ"
Alla Selina,Alla Selina (born 5 January 1954) is a Soviet diver. She competed in the women's 10 metre platform event at the 1972 Summer Olympics. References  External links Alla Selina at World AquaticsAlla Selina at Olympics.com
Feria (festival),"A feria (fair in English) is an annual local festival in Spain and southern France, characterized by bullfights, bull running in the streets, bodegas (outdoor bars or cellars with festive music) and bandas. The word festayre (from the Gascon hestaire) means ferias' partiers. Introduction = In Spain =The Spanish word feria originally designates  a fair (agricultural, books, ...). Bullfights are often given on the occasion of fairs, so the Spaniards came to designate by the term ""fa"
Domingos Freitas,"Domingos Ramos Freitas (born 13 July 1997), simply known as Domingos, is a football player who currently plays for the Timor-Leste national football team as a winger. References "
View of Auvers-sur-Oise,"Auvers-sur-Oise (French pronunciation: [ovɛʁ syʁ waz] , lit. ""Auvers-on-Oise"") is a commune in the department of Val-d'Oise, on the northwestern outskirts of Paris, France. It is located 27.2 km (16.9 mi) from the centre of Paris. It is associated with several famous artists, the most prominent being Vincent van Gogh (1853–1890). This was the place where van Gogh died and where he and his brother, Theo, were buried. Geography = Location =Auvers is located on the right (west) bank "
Carhuapampa District,Carhuapampa District is one of ten districts of the Ocros Province in Peru. See also Uchku References 
Francis Knollys (the elder),"Sir Francis Knollys, KG of Rotherfield Greys, Oxfordshire (c. 1511/c. 1514 – 19 July 1596) was an English courtier in the service of Henry VIII, Edward VI and Elizabeth I, and was a Member of Parliament for a number of constituencies. Early appointments Francis Knollys was born 1511, the elder son of Sir Robert Knollys (d. 1520/1521) and Lettice Peniston (d. 1557/1558), daughter of Sir Thomas Peniston of Hawridge, Buckinghamshire, henchman to Henry VIII.He appears to have received some "
Frederick Stark Pearson,"Fred Stark Pearson (July 3, 1861 – May 7, 1915) was an American electrical engineer and entrepreneur. Biography Pearson was the son of Ambrose and Hannah (Edgerly) Pearson. He graduated from Tufts University in 1883 with an A.M.B. and received an A.M.M. degree one year later. Previously, for one year (1879–80), he was instructor in chemistry in the Massachusetts Institute of Technology; later (1883–86), he was instructor in mathematics and applied mechanics at Tufts College. From college"
Joséphine Guidy Wandja,"Joséphine Guidy Wandja (born 1945, also Guidy-Wandja) is an Ivorian mathematician. She is the first African woman with a PhD in mathematics. Early life She moved to France aged 14. She attended the Lycée Jules-Ferry in Paris, and later the Pierre and Marie Curie University. Her master's degree thesis was entitled Sous les courbes fermées convexes du plan et le théorème des quatre sommets (Under closed convex curves in the plane and the theorem of four peaks). Whilst working in Paris in t"
Videlles,"Videlles (French pronunciation: [vidɛl] ) is a commune in the Essonne department in Île-de-France in northern France.Inhabitants of Videlles are known as Videlliers. See also Communes of the Essonne department References  External links Base Mérimée: Search for heritage in the commune, Ministère français de la Culture. (in French)Mayors of Essonne Association (in French)"
Arsenal de La Carraca,"Arsenal de La Carraca, also Naval Station of La Carraca, is a naval shipyard and a naval base in San Fernando, Spain. It is a naval base for the construction and repair of ships, and the storage and distribution of arms and ammunition. The first military establishment of its kind to be created in Spain under the naval policy of Felipe V, it was developed by Patiño and the Marquis de la Ensenada. Though work on building the shipyard began in 1720, the formal decree issued by Fernando VI on Octobe"
Balwina Land District,"Balwina Land District is a land district (cadastral division) of Western Australia, located within the Eastern Land Division in the Great Sandy Desert. It spans roughly 19°30'S - 21°00'S in latitude and 126°25'E - 129°00'E in longitude.The district includes part of the Shire of Halls Creek in the Kimberley region — most particularly the community of Balgo — as well as the easternmost part of the Shire of East Pilbara in the Pilbara region of the state. History The district was created o"
Eunotus,"Eunotus is a genus of chalcid wasps. Most species are parasitoids of scale insects. Description The antennae are inserted above the clypeal margin, and they consist of either four or five funicular segments. The thorax has a dense reticulate sculpture, with the frenal line on the scutellum usually being absent. The scutellum does not extend beyond the propodeum, and the propodeum has a distinct tooth-like median carina. The fore-wing is covered in fine hairs. The first gastral tergite co"
Carlos Castro (sprinter),Carlos Castro Sedano (born 7 January 1949) is a Mexican sprinter. He competed in the men's 4 × 400 metres relay at the 1968 Summer Olympics. References 
Alpine High School,"Alpine High School is a public high school located in the city of Alpine, Texas (USA) and is classified as a 3A school by the UIL. It is a part of the Alpine Independent School District located in north-central Brewster County. For the 2021-2022 school year, the school was given an ""A"" by the Texas Education Agency. History In 1994 the school had 350 students.Prior to 1996 Alpine High School served as the high school for students from Terlingua Common School District. Beginning in the 1"
Marie Mahabir,"Marie Laure Mahabir is a former professional bodybuilder and personal trainer of the French West Indies. As a bodybuilder, she became well known for development of the chest muscles, the biceps, and back muscles. Her highest achievement as a professional bodybuilder was reaching the top-five at both the Ms. International and Ms. Olympia in 1994. Today, Mahabir lives in France and works as a personal trainer. Biography Marie Mahabir was born in Le Moule on 8 August 1962; a port in Guadelo"
Steven Hayne,"Steven Timothy Hayne (born 1942) is a pathologist from the US state of Mississippi who attracted significant controversy surrounding his medical practices and testimony in criminal trials, most notably those of Cory Maye, Jimmie Duncan,  and Tyler Edmonds. Biography Hayne was born in Los Angeles, California.  It is unknown when he adopted the use of the last name Hayne.  He graduated from Oakland Technical High School in 1959 and from Brown Medical School in 1974. He interned until 1976 "
Haplogroup L6,"In human mitochondrial genetics,  Haplogroup L6 is a human mitochondrial DNA (mtDNA) haplogroup.  It is a small African haplogroup. Distribution This haplogroup has been found most often in Yemen and Ethiopia. Subclades = Tree =This phylogenetic tree of haplogroup M subclades is based on the paper by Mannis van Oven and Manfred Kayser Updated comprehensive phylogenetic tree of global human mitochondrial DNA variation and subsequent published research.L3'4'6L6L6aL6b"
A Rare Conundrum,"A Rare Conundrum is an album by Scottish folk musician Bert Jansch, released in 1977 in the UK. The album was first released by Ex Libris Records]] in Denmark in late 1976 as Poormouth with an alternative cover and a slightly different track list. Track listing Original LP All tracks composed by Bert Jansch; except where indicated""Daybreak""""One To A Hundred""""Pretty Saro"" (Traditional; arranged by Bert Jansch)""Doctor, Doctor""""3 A.M.""""The Curragh of Kildare"" (Traditional; arranged b"
Nim Lik,Nim Lik is a village in Balkh Province in northern Afghanistan. See also Balkh Province References  External links Satellite map at Maplandia.com
Zuzana Hagarová,"Zuzana Hagarová, also married Štočková, is a Slovak chess player who holds the title of the FIDE titles of International Master (IM) and Woman Grandmaster (WGM). Chess career She is a daughter of chess player Eduard Hagara, both her brothers Eduard Jr. and Martin also play chess.In 1993 Hagarová won the championship in Slovak Girls' Championship (U16). Many times she participated in the European Youth Chess Championships and World Youth Chess Championships in various age categories. She"
Zoids Infinity,"Zoids Infinity is a series of sci-fi shooter arcade games that can be used in conjunction with special swipe cards to unlock new features. Originally debuting in 2004 as a System 246 coin-operated arcade game from Taito in Japan.A dedicated RFID card can be used which has a personal authentication of the players with the IC chip. The user can save each data such as weapon parts, points and items of zoids which has registered as player's ZOIDS.The vendor cabinet is next to the side-by-side arca"
Khalil Lee,"Khalil Rashad Lee (born June 26, 1998) is an American professional baseball outfielder who is a free agent. He has previously played in Major League Baseball (MLB) for the New York Mets. Career = Amateur career =Lee graduated from Flint Hill School in Oakton, Virginia, where he played on their baseball team as both a pitcher and outfielder. As a senior, he pitched to a 7–0 record with a 0.33 ERA, striking out 87 in 43 innings pitched, along with batting .471 with six home runs, 23"
Blood for Dust,"Blood for Dust is a 2023 American action crime thriller film written by David Ebeltoft, directed by Rod Blackhurst and produced by Noah Lang, Ari Novak, Mark Fasano and Nathan Klingher. It stars Scoot McNairy, Kit Harington and Josh Lucas.Blood for Dust won the Best Feature award at the 2023 San Diego International Film Festival. The film was released in the United States on April 19, 2024 to generally favourable reviews from critics. Plot Cliff, who in the past at his work had an affai"
Kabisthalam,"Kabisthalam is a village under Papanasam taluk in Thanjavur district in Tamil Nadu. Tracing out the Vedic history Thiru Kavithalam was the original name for the place however the name changed into Kabisthalam during medieval ages. It is located on the bank of  river Cauvery, located 14 kilometres (8.7 mi) from Kumbakonam, 2 kilometres (1.2 mi) from Papanasam and 17 kilometres (11 mi) from Thiruvaiyaru. It is the birthplace of Indian National Congress leader G. K. Moopanar. Agriculture is the ma"
Larry Duran,"Lawrence Duran (July 26, 1925 – November 27, 2002) was an American actor and stuntman. He was perhaps best known for playing Chico Modesto in the 1961 film One-Eyed Jacks. Life and career Duran was born in Los Angeles, California, of Filipino descent. He became an amateur boxer while serving in the United States Navy for three years. After being discharged, Duran became a professional boxer before he was recruited by Marlon Brando to make his screen debut in 1952 in the film Viva Zapata!"
Pararowing,"Pararowing (or adaptive rowing) is a category of rowing race for those with physical, visual or intellectual disabilities.  History In 1913, rowing for individuals with disabilities was initiated by headmaster George Clifford Brown at Worcester College for the Blind in Great Britain. Brown encouraged blind students to participate in particular sports in which they would be able to compete at an equal level to sighted players and do so without modifications. Other organizations dedicated "
Elizabeth Brackett,"Elizabeth E. Brackett (née Everett; December 11, 1941 – June 17, 2018) was an American journalist and political figure and writer. She was known for hosting WTTW's Chicago Tonight program, and also worked as a correspondent for PBS' The NewsHour with Jim Lehrer. In 1988, she won a Peabody Award with her coverage of the 1988 U.S. presidential election.Brackett was also an unsuccessful Chicago politician, having campaigned for William Singer as mayor in 1975 and making her own unsuccessful bid fo"
Stefan Blöcher,"Stefan Blöcher (born 25 February 1960 in Wiesbaden, Hessen) is a former field hockey player from (West-)Germany, who competed at two Summer Olympics for his native country. On both occasions he won the silver medal with his team, in 1984 (Los Angeles and in 1988 (Seoul).Blöcher played 259 international matches for (West)-Germany, and made his debut in 1978. He won the German title twice, became European champion five times, and won the silver medal at the Hockey World Cup in 1982. In 1987 he wa"
List of marine protected areas of Alaska,This is a list of marine protected areas of the U.S. state of Alaska. State protected marine areas are managed by the Alaska Department of Natural Resources. Federally protected marine areas Various federal entities including the National Marine Fisheries Service oversee these and other protected marine areas in Alaska.Alaska Maritime National Wildlife RefugeAlaska Seamount Habitat Protection AreasAleutian Islands Coral Habitat Protection AreaAleutian Islands Habitat Conservation Ar
Chapelloise,"The Chapelloise or Belgijka is a traditional folk dance with change of partners (a so-called Mixer), belonging to the standard repertoire of a Bal Folk. Its most common name in France and the French-influenced European Bal Folk scene is Chapelloise, but the dance has many other names too (see below). In Poland, the dance is known under the name ""belgijka"" (which means ""Belgian dance""), where it is very popular. History of the dance The French name “La Chapelloise” is derived from a villa"
Hits Different,"""Hits Different"" is a song by the American singer-songwriter Taylor Swift. It was first released as a bonus track on the CD-only Lavender Edition of her tenth studio album, Midnights, on October 21, 2022. The track was released for download and streaming as part of the Til Dawn Edition on May 26, 2023. Written and produced by Swift, Jack Antonoff, and Aaron Dessner, its lyrics reflect on a past relationship and contain references to some of Swift's other songs. Critics complimented the humorous "
Trema micranthum,"Trema micranthum (sometimes Trema micrantha), the Jamaican nettletree or capulin, is a plant species native to warmer parts of the Western Hemisphere. It has been reported from Mexico, Central America, tropical South America, the Virgin Islands, Jamaica, Cuba, Hispaniola, Puerto Rico, and southern Florida. Description Trema micranthrum is a shrub or small tree up to 10 m (33 ft) tall. Leaves are egg-shaped, up to 9 cm (3.5 in) long, green on top but covered with white, woolly pubescence "
Ohio State Route 656,"State Route 656 (SR 656) is a state highway in the central portion of the U.S. state of Ohio. The highway's southern terminus is at SR 61 approximately 4.5 miles (7.2 km) north of Sunbury. It travels northeast to its junction with SR 229, less than 0.25 miles (0.40 km) northeast of the village limits of Sparta. Route description SR 656 travels through northeastern Delaware County and southeastern Morrow County.  No part of the route is inclusive within the National Highway System. H"
List of IPC world records in swimming,"The world records in disability swimming are ratified by the International Paralympic Committee (IPC). These are the fastest performances in swimming events at meets sanctioned by the IPC.Races are held in four swimming strokes: freestyle, backstroke, breaststroke and butterfly over varying distances and in either individual or relay race events. Medley events combine all four strokes, again either as an individual format (swum in order: butterfly, backstroke, breaststroke, freestyle) and as a "
"Khalili, Razavi Khorasan","Khalili (Persian: خليلي) is a village in Harirud Rural District of Buzhgan District. It is situated within the Torbat-e Jam County, Razavi Khorasan province of Iran. Demographics = Population =At the time of the 2006 National Census, the village's population was 776 in 168 households. The following census in 2011 counted 850 people in 226 households. The 2016 census measured the population of the village as 1,021 people in 288 households. It was the most populous village in its ru"
Roméo et Juliette (Berlioz),"Roméo et Juliette is a seven-movement symphonie dramatique for orchestra and three choruses, with vocal solos, by French composer Hector Berlioz. Émile Deschamps wrote its libretto with Shakespeare's play as his base. The work was completed in 1839 and first performed on 24 November of that year, but it was modified before its first publication, in 1847, and modified again for the 2ème Édition of 1857, today's reference. It bears the catalogue numbers Op. 17 and H. 79. Regarded as one of Berlioz"
2008 unrest in Kosovo,"The 2008 unrest in Kosovo followed Kosovo's declaration of independence on February 17, 2008. Some Kosovo Serbs opposed to secession boycotted the move by refusing to follow orders from the central government in Pristina and attempted to seize infrastructure and border posts in Serb-populated regions. There were also sporadic instances of violence against international institutions and governmental institutions, predominantly in North Kosovo.Tensions in the North intensified when Serbs in Mitro"
Friends in Trouble,"Friends in trouble (Spanish: Amigos en apuros) is a 2018 Peruvian comedy film written and directed by Joel Calero & Lucho Cáceres (in his directorial debut). It stars Lucho Cáceres and Christian Thorsen. It premiered on October 18, 2018 in Peruvian theaters. Synopsis Fico is devastated by his recent divorce and Manolo, his lifelong friend, decides to move in with him. What Fico doesn't know is that Manolo is fleeing from some gangsters who are chasing him. Before they know it, they will "
Kazakh National Agrarian University,"The Kazakh National Agrarian University (Kazakh: Қазақ ұлттық аграрлық университеті) is a leading university in Almaty, Kazakhstan that trains specialists for agriculture. History = Alma-Ata Zooveterinary Institute =In 1929, the Veterinary Institute was founded to train veterinarians, zoological engineers of a wide profile with specialization in astrakhan, poultry, horse breeding and other specialties. Soon the educational institution was reorganized into the Veterinary-Zootechnic"
Ablation casting,"Ablation casting is a variation of sand casting involving a soluble binder. The mold is dissolved and washed away, allowing rapid cooling of the casting. References "
WCMP (AM),"WCMP (1350 kHz) is an AM radio station in Pine City, Minnesota. It has a classic country format, and broadcasts 24 hours a day. The station first signed on in 1957.  It started out as a Full Service MOR station broadcasting only through the day hours, but transformed into Full Service AC in the mid-1980s.It is owned by Alan R. Quarnstrom, through licensee Q Media Properties, and has studios at 15429 Pokegama Lake Rd. This facility is shared with sister station WCMP-FM.  Its signal can be heard "
Ring Roads in South Africa,There are a number of ring roads found in South Africa. List of Ring Roads  See also Johannesburg Ring RoadCape Town Ring RoadDurban Ring RoadPretoria Ring RoadBloemfontein Ring RoadPolokwane Ring Road References 
Modern pentathlon at the 2018 Summer Youth Olympics – Girls' individual,"Modern pentathlon at the 2018 Summer Youth Olympics was held from 12 to 16 October. The events took place at the Parque Polideportivo Roca and Tecnópolis in Buenos Aires, Argentina. Qualification Each National Olympic Committee (NOC) can enter a maximum of 2 competitors, 1 per each gender. As hosts, Argentina was given the maximum quota and a further 4, 2 in each gender was initially given to the Tripartite Commission. The remaining 42 places shall be decided in three stages; firstly fou"
Kakumiro District,"Kakumiro District is a district in the Western Region of Uganda.  Location The districts surrounding Kakumiro District include Hoima District to the north, Kyegegwa District to the north-east, Kiboga District to the east, Mubende District to the south-east, Kyegegwa District to the south, and Kibaale District to the west. The town of Kakumiro, the location of the district headquarters, is approximately 182 kilometres (113 mi), by road, north-west of Kampala, Uganda's capital city. This l"
Thomas Thomasson,"Thomas Thomasson (1808 – 1876) was a political economist and a campaigner for the repeal of the Corn Laws who was one of Bolton's greatest benefactors. Life Thomasson was born at Turton into a Bolton family and was grandson of one of the original cotton pioneers. He joined his father in the family business of John Thomasson and Son at Mill Hill, a cotton mill founded by Sir Robert Peel. In 1837 his father died and Thomasson took on the management of the firm. In 1841 he built the first o"
USS Natoya,"USS Natoya (SP-396) was a United States Navy patrol vessel in commission from 1917 to 1919.Natoya was built as a private motorboat in 1909. On 11 June 1917, the U.S. Navy acquired her from her owner, R. M. Haddock of Ossining, New York, for use as a section patrol boat during World War I. She was commissioned at New York City as USS Natoya (SP-391) on either 11 June 1917 or 19 June 1917.Natoya served on patrol duties in New York Harbor. She was decommissioned on 11 January 1918 to undergo rep"
Charles Lemert,"Charles Lemert (born 1937) is an American born social theorist and sociologist. He has written extensively on social theory, globalization and culture. He has contributed to many key debates in social thought, authoring dozens of books including his text Social Things: An Introduction to the Sociological Life, 5th edition (Rowman & Littlefield, 2011). From 1982 to 2010, he taught at Wesleyan University in Middletown, Connecticut. He currently lives in New Haven, Connecticut with his family. Lem"
Ai Kidosaki,"Ai Kidosaki (城戸崎 愛, Kidosaki Ai, 1 July 1925 – 13 February 2020) was a Japanese author and chef best known for her career on the Kyō no Ryōri cooking programme. Biography Ai Kidosaki was born on 1 July 1925 in Kobe and was educated at the Tokyo Kasei-Gakuin University cooking school and Le Cordon Bleu in Paris, the latter where her husband was appointed.She was diagnosed with uterine cancer and received treatment to cure the disease while she was thirty years old. After her discharge fr"
Ovingdean,"Ovingdean is a small, formerly agricultural village and former civil parish on the eastern edge of the city of Brighton and Hove in the ceremonial county East Sussex, England. In 1921 the parish had a population of 476. On 1 April 1928 the parish was abolished and merged with Brighton. Overview It has expanded through the growth of residential streets on its eastern and southern sides, and now has a population of about 1,200. Some of the current housing replaces earlier shacks of the typ"
Maksym Yermolenko,Maksym Andriyovych Yermolenko (Ukrainian: Максим Андрійович Єрмоленко; born 14 May 1998) is a Ukrainian professional footballer who plays as a centre-forward. References  External links Profile on Kramatorsk official websiteMaksym Yermolenko at SoccerwayMaksym Yermolenko at UAF and archived FFU page (in Ukrainian)
Gemeenlandshuis van Rijnland,"The Gemeenlandshuis van Rijnland on the Breestraat in Leiden is the oldest Gemeenlandshuis of the Netherlands that kept its function until the current century. Currently, it is still in use by the Hoogheemraadschap van Rijnland, but only for meetings and special occasions. Their day-to-day seat of water management is housed today on the Archimedesweg in Leiden. History The first steps towards a formal method of dike management in Leiden were taken according to Ortelius in Brittenburg, m"
Theuns Briers,"Theunis Petrus Daniël Briers  (11 July 1929 – 7 October 2018) was a South African rugby union player. Playing career Briers matriculated at Paarl Boys' High School and played club rugby for the Paarl RC. He made his provincial debut for Western Province in 1953 was a member the Western Province Currie Cup winning teams in 1954 and 1959.Briers made his test match debut for South Africa against Robin Thompson's British Lions side in 1955 at Ellis Park in front of over 90,000 fans and scor"
Sándor Jakabfy,Sándor Jakabfy (1 May 1931 – April 2010) was a Hungarian sprinter. He competed in the men's 200 metres at the 1956 Summer Olympics.Jakabfy won the gold medal in the 200 metres in athletics at the 1957 World Festival of Youth and Students. He was also the 1957 Hungarian Athletics Championships winner in the 100 metres. References 
Aasmund Nordstoga,"Aasmund Nordstoga (born 26 August 1964) is a Norwegian musician, singer and composer from Vinje, Telemark. He made his solo debut in 2009 with the album Ein visefugg, an album for which he was nominated for the Spellemannsprisen award. He released the record Livet er godt with lyrics by Aasmund Olavsson Vinje being a collaboration with his younger brother, Odd Nordstoga,Aasmund Nordstoga comes from a musical family. His mother, Ellen is a folk singer and his father, Olav Nordstoga is a folk sin"
1965 Big Ten Conference football season,"The 1965 Big Ten Conference football season was the 70th season of college football played by the member schools of the Big Ten Conference and was a part of the 1965 NCAA University Division football season.This was the first year Big Ten teams were allowed to play 10 regular season games. Ohio State was the lone school not to play a 10th game, sticking with nine-game regular seasons through 1970. Season overview = Results and team statistics =KeyAP final = Team's rank in the f"
Faryab-e Masjid,"Faryab-e Masjid (Persian: فارياب مسجد, also Romanized as Fāryāb-e Masjid) is a village in Hati Rural District, Hati District, Lali County, Khuzestan Province, Iran. At the 2006 census, its population was 389, in 59 families. References "
1650 Programme Group,The 1650 Programme of six 510 ton Fourth Rate vessels was initiated by the Council of State on 16 November 1649. On 2 January 1650 the Admiralty Committee confirmed that six 'frigrates' had been ordered at a cost of 6.10.0d per ton. The ships would be built under contract with the exception of one ship built in Dockyard. The ships were all named by 16 August 1650 and launched by the end of the year. Each ship was to carry initially 34 guns and 150 men. This would increase over time Design a
2019–20 CONCACAF Nations League qualifying,"The qualifying phase of the 2019–20 CONCACAF Nations League was a one-off tournament that took place from 6 September 2018 to 24 March 2019. The qualifying determined the seeding for the group phase of the inaugural tournament, as well as determining the remaining ten teams that qualified for the 2019 CONCACAF Gold Cup. Format Apart from the six teams which participated in the 2018 FIFA World Cup qualifying hexagonal, the other 34 teams (Guatemala could not enter due to FIFA suspension a"
Shadow economy of Russia,"The shadow economy (Russian: Теневая экономика) is one of the most controversial aspects of Russia's economic history. In 2011, according to official Rosstat estimates calculated using the GDP adjustment method, the degree of shadowization of the Russian economy was about 16% of GDP, with a turnover of about 7 trillion rubles a year. About 13 million people were involved in the shadow sectors of the economy; according to independent experts, 22 million Russians are employed in the informal secto"
Katarandena,"Katarandena is a village in Sri Lanka. It is located within Central Province. See also List of towns in Central Province, Sri Lanka External links Department of Census and Statistics – Sri Lanka"
Otomesostomatidae,"Otomesostomatidae is a family of flatworms belonging to the order Proseriata.Genera:Baikalotomesostoma Timoshkin, Lukhnev & Zaytseva, 2010Otomesostoma Graff, 1882 References "
Patricia Kaas (album),"Patricia Noëlle Kaas (French: [kas]; born 5 December 1966) is a French singer and actress. Her music is a mix of pop, cabaret, jazz, and chanson.Since the appearance of her 1988 debut album Mademoiselle chante..., Kaas has sold over 17 million records worldwide. She had her greatest success in Germany, Switzerland, Belgium, Canada, Russia, Finland, Ukraine, and South Korea with her third album Je te dis vous. In 2002, Kaas made her film debut in And Now... Ladies and Gentlemen with Jeremy Irons"
Ruhollah Dehghani Firouzabadi,"Ruhollah Dehghani Firouzabadi (Persian: روح‌الله دهقانی فیروزآبادی; born 23 April 1981) is an Iranian scientist and Vice President of Iran in the field of Science, Technology and Knowledge-Based Economy. Before this, he was the head of Academic Jihad. He is also a member of the faculty of Sharif University of Technology with the rank of ""Professor"". Life and education Dehghani Firouzabadi graduated from the Faculty of Aerospace Engineering, who studied in this field at the undergraduate,"
On New Democracy,"On New Democracy is a 1940 essay by Mao Zedong in which he established the concept of New Democracy during the Second Sino-Japanese War. History of text Mao wrote On New Democracy in early 1940: 36  while the Yan'an Soviet was developing and expanding during the Second Sino-Japanese War.: 60–61  During this period, Mao was concerned about bureaucratization and sought to develop a culture of mass politics.: 61  In his view, mass democracy was crucial, but could be guaranteed only to the r"
General Tactical Vehicles JLTV Eagle,The General Tactical Vehicles JLTV Eagle (Joint Light Tactical Vehicle) was one of six competitors for a Joint Light Tactical Vehicle that will replace the Humvee. The Eagle JLTV was to provide more protection and performance than the current Humvee. The JLTV Eagle was not selected for the Engineering and Manufacturing Development (EMD) phase of the program. References  External links GeneralTacticalVehicles websiteGeneral Dynamics website
"Eyshabad, East Azerbaijan","Eyshabad (Persian: عيش اباد, also Romanized as ‘Eyshābād; also known as Eshavand and Eshavat) is a village in Mishab-e Shomali Rural District, in the Central District of Marand County, East Azerbaijan Province, Iran. At the 2006 census, its population was 339, in 103 families. References "
Memorial Day (Azerbaijan),"The Victory Day (Azerbaijani: Zəfər Günü) is a public holiday in Azerbaijan that is celebrated on 8 November, in commemoration of Azerbaijani victory in the 2020 Karabakh war. Established by the decree of the President of Azerbaijan from 2 December 2020, the holiday is celebrated on the day of the recapture of Shusha. It is a non-working holiday. Background On 27 September 2020, clashes broke out in the disputed Nagorno-Karabakh region, which is de facto controlled by the self-proclaime"
Nampong Air Force Base,"Nampong Air Force Base (ICAO: VYNP) is a Myanmar Air Force base in Myitkyina, Myanmar (Burma).Formerly known as Myikyina West, it is located several miles to the west of Myitkyina. It is in current military use and home to a fighter squadron and an attack squadron. History Built by the Allies during World War II as Namponmao Airfield, the airfield was used primarily as a transport facility during the Burma Campaign 1944-1945 by the Tenth Air Force 4th Combat Cargo Group beginning in Jun"
Amenthes Fossae,"The Amenthes Fossae are a system of troughs in the Amenthes quadrangle of Mars centered  at 9.07°N and 102.68°E.  They are 850 km across and were named after a classical albedo feature.  The classical albedo feature name was based on the Egyptian name for a place where souls of the dead go (Amenthes or Duat).  The name Amenthes Fossae was approved in 1976.The term ""fossae"" is used to indicate large troughs when using geographical terminology related to Mars. Troughs, sometimes also called grabe"
"Castle Butte Township, Perkins County, South Dakota","Castle Butte Township is a township in Perkins County, in the U.S. state of South Dakota. Its population was 19 as of the 2010 census. References "
Robert Gillis,"Shane Michael Gillis (born December 11, 1987) is an American stand-up comedian, actor and podcaster known for his Netflix comedy specials and series Tires.Gillis co-hosts, along with fellow stand-up comedian Matt McCusker, Matt and Shane's Secret Podcast, the most subscribed-to podcast on Patreon as of 2024. In 2019, the Just for Laughs festival in Montreal named Gillis one of its ""New Faces"".Gillis had a controversial start to his career, when he was announced as a newly hired cast member on "
Alfred Bird,"Alfred Bird (1811 – 15 December 1878) was an English food manufacturer and chemist. He was born in Nympsfield, Gloucestershire, England in 1811 and was later a pupil at King Edward's School, Birmingham.  He was the inventor of a series of food products, most notably egg-free custard and baking powder. His father was a lecturer in astronomy at Eton College. His son Alfred Frederick Bird continued to develop the business after his father's death. Career Alfred Bird registered as a pharmaci"
Harindanaga,"Harindanaga is a village within the jurisdiction of the Mathurapur police station in the Mathurapur I CD block in the Diamond Harbour subdivision of the South 24 Parganas district in the Indian state of West Bengal. Geography Harindanaga is located at 22°02′07″N 88°19′24″E. It has an average elevation of 7 metres (23 ft). Demographics As per 2011 Census of India, Harindanaga had a total population of 1,436. Transport A stretch of a local road links Harindanaga to the Stat"
Who by Fire (film),"Who by Fire (French: Comme le feu) is a 2024 Canadian-French drama film written and directed by Philippe Lesage. The film starring Noah Parker and Aurelia Arandi-Longpré is about a film-loving teenager Jeff, who spends a vacation with his best friend Max's family in a remote log cabin.It was selected in the Generation 14plus section at the 74th Berlin International Film Festival, where it had its world premiere on 17 February and won the Grand Prix of the International Jury of Generation. "
Niger Delta Vigilante,"The Niger Delta Vigilante (abbreviated NDV) is an armed militia group in the Niger Delta region of Nigeria. The NDV is led by Ateke Tom. The group is composed primarily by ethnic Ijaws from in and around Port Harcourt and their main goal is controlling the area's vast oil resources. In late 2003 the NDV precipitated a conflict with their rival Ijaw ethnic militia, the Niger Delta People's Volunteer Force (NDPVF). The two groups spent most of 2004 in an escalating conflict which was ended when th"
KRI Diponegoro,"Two ships of the Indonesian Navy have been called KRI Diponegoro, named after the Prince Diponegoro of Hamengkubuwono, a Javanese prince who played important role in Java War, and a National Hero of Indonesia.KRI Diponegoro (306) was a Skoryy-class destroyer, formerly the Soviet destroyer Pylkiy. She was acquired in 1964 and stricken in 1973.KRI Diponegoro (365) is a lead ship of Diponegoro-class corvette launched in 2006 and commissioned in 2007."
Erysichton,"Erysichton is a genus of butterflies in the family Lycaenidae. The species of this genus are found in the Australasian realm. Etymology The genus is named after the mythological figure of Erysichthon of Thessaly. Species Erysichton lineatus (Murray, 1874) Former species Two species of Erysichton were transferred to the new genus Jameela, leaving only the species Erysichton lineatus. (Grund 2010)Erysichton albiplaga is now known as Jameela albiplaga (Tite, 1963)Erysicht"
Jasper Museum,"The Jasper Museum is a local history museum in Jasper, Minnesota, United States. The museum is located in the John M. Poorbaugh Block, a building listed on National Register of Historic Places on January 12, 2024. The first floor was originally constructed for The Quarry Store, serving as a general merchandise business in 1889. Subsequently, the second floor was used by a local family, and later repurposed as office space. From 1917 to 1972, the building functioned as the headquarters for the lo"
John Farnsworth Hall,"John Farnsworth Hall (8 December 1899 – 15 June 1987) was an Australian conductor and violinist.John Farnsworth Hall was born in Petersham, New South Wales, a suburb of Sydney, in 1899.  He was an original violin student at the Sydney Conservatorium of Music (then known as the NSW State Conservatorium), under its founding director Henri Verbrugghen.  He was appointed deputy leader of the New South Wales State Orchestra.He was a member of the Farmers Trio, a pioneering radio chamber trio, in 19"
Virginie Blanchette-Doucet,"Virginie Blanchette-Doucet (born 1989 in Val-d'Or, Quebec) is a Canadian novelist from Quebec. Her debut novel, 117 Nord, was a shortlisted finalist for the Governor General's Award for French-language fiction at the 2017 Governor General's Awards and for the Prix France-Québec. References "
Rodney Fox,"Rodney Winston Fox (born 9 November 1940) is an Australian film maker, conservationist, survivor of an attack by a great white shark, and one of the world's foremost authorities on that species. He was inducted into the International Scuba Diving Hall of Fame in 2007. He was born in Adelaide. Shark attack On 8 December 1963, whilst participating in the 1963 South Australia Spearfishing Championship at Aldinga Beach, Fox was attacked by a great white shark, and badly bitten around the che"
W. Bruce Lincoln,"William Bruce Lincoln (September 6, 1938 – April 9, 2000) was an American scholar and author who wrote a number of widely-read books on Russian history. An expert noted for his narrative skills, he explained that he began ""to write for a broader audience in the hope that my efforts to explain Russia's past may enable readers to better understand Russia's present."". Early life William Bruce Lincoln, son of Charles A. and Ruth Lincoln, grew up was in Suffield, Connecticut. He had a brother"
The Best Day (Taylor Swift song),"""The Best Day"" is a song written and recorded by the American singer-songwriter Taylor Swift for her second studio album, Fearless (2008). Produced by Swift and Nathan Chapman, ""The Best Day"" is an understated folk rock song with a country rock arrangement, with lyrics dedicated to Swift's parents, most of the verses being to her mother. A music video containing home footage edited by Swift was released on May 1, 2009, as part of a special Mother's Day promotion through Big Machine Records.Musi"
Alison Houston Lockerbie Newton,"Alison Houston Lockerbie Newton (1890–1967) was a Canadian painter known for her watercolours and woodblock prints. Biography Newton was born in Leith, Scotland in 1890. From 1900 to 1905 she studied at Trinity Academy in Edinburgh. Newton emigrated with her family to Manitoba, Canada, in 1910. Her first artistic employment was illustrating for the T. Eaton Company.In 1916, Newton married Stanley Newton. After her marriage she returned to university, studying at the Winnipeg School of A"
"Pa Qaleh, Lorestan","Pa Qaleh (Persian: پاقلعه, also Romanized as Pā Qal‘eh) is a village in Kakasharaf Rural District, in the Central District of Khorramabad County, Lorestan Province, Iran. At the 2006 census, its population was 119, in 28 families. References "
Micah McFadden,"Micah McFadden (born January 3, 2000) is an American professional football linebacker for the New York Giants of the National Football League (NFL). He played college football at Indiana. Early life McFadden played at Plant High School in Tampa, Florida under head coach Robert Weiner. As a senior in high school, McFadden was named first-team all-state. He was a three-star recruit. College career McFadden played for the Indiana Hoosiers as a linebacker. As a freshman, he played 12"
List of Christian monasteries in Belgium,"This is a list, as yet incomplete, of Christian religious houses, both extant and dissolved, in Belgium, for both men and women. All listed so far are Roman Catholic. A Achel Abbey (Sint-Benedictusabdij van Achel, de Achelse Kluis or Onze-Lieve-Vrouw-van-La-Trappe-van-de-Heilige-Benedictus) (extant), part in Hamont-Achel, Limburg, Belgium, and part in Valkenswaard, the Netherlands: Trappist monksAffligem (Flemish Brabant):Affligem Abbey (Abdij van Affligem) (extant) at Hekelgem: Benedi"
"Aleksei Semyonov (footballer, born 1983)",Aleksei Vladimirovich Semyonov (Russian: Алексей Владимирович Семёнов; born 12 April 1983) is a Russian former professional footballer. Club career He made his debut in the Russian Premier League in 2007 for FC Khimki. References 
Rhyssoplax chathamensis,"Rhyssoplax chathamensis is a species of chiton in the family Chitonidae.  References Powell A. W. B., New Zealand Mollusca, William Collins Publishers Ltd, Auckland, New Zealand 1979 ISBN 0-00-216906-1"
Office of the Administrative Assistant to the Secretary of the Army,"The Office of the Administrative Assistant to the Secretary of the Army (OAA) has a primary mission, as specified in Title 10 of the United States Code and reiterated in General Orders and Regulations, to provide direct administrative and management support to Headquarters, Department of the Army (HQDA), and enterprise-level services to Army-wide organizations. History In 1789 Congress enacted legislation that provided for a Chief Clerk to assist the Secretary of War. As the United State"
God's Father,"God the Father is a title given to God in Christianity. In mainstream trinitarian Christianity, God the Father is regarded as the first Person of the Trinity, followed by the second person, Jesus Christ the Son, and the third person, God the Holy Spirit. Since the second century, Christian creeds included affirmation of belief in ""God the Father (Almighty)"", primarily in his capacity as ""Father and creator of the universe"".Christians take the concept of God as the father of Jesus Christ metaph"
Rolf Sanchez,"Roelof ""Johannes"" Wienk (born 3 July 1991), known by his stage name as Rolf Sanchez, is a Dominican-Dutch singer from the Netherlands, born from a Dominican mother and a Dutch father. Career In 2011, Sanchez took part in the fourth season of the Dutch version of the television show X Factor, where he took third place. Despite not finishing first, he still received a record deal. In the same year, his debut single ""Ave Maria"", a Spanish-language cover by David Bisbal, was released. In 201"
Maria Pogee,"Maria Pogee (born 7 April 1942), sometimes credited as Maria Pohji, is an Argentine-American dancer who performed on stage, television and film in the 1950s, 60s and 70s. She is also a choreographer, dance teacher and actress. She appeared in the movie Wacky Taxi (1972). Education Pogee received her education in the performing art in Buenos Aires at the Teatro Colon. Career In 1950, Pogee appeared on television variety shows with the ""Lobato"" dancers. The group toured in the Unit"
Southern Sun (Boy & Bear song),"""Southern Sun"" is a song recorded by Australian indie rock band Boy & Bear and released in June 2013 as the lead single from their second studio album Harlequin Dream (2013). The song peaked at number 63 on the ARIA Charts.The song was launched on triple J and the band said the song was inspired by the works of Bruce Springsteen, Fleetwood Mac and Paul Simon.The band performed the song on Conan in July 2014. Charts  Certifications  References "
Bosmont-sur-Serre,"Bosmont-sur-Serre (French pronunciation: [bomɔ̃ syʁ sɛʁ], literally Bosmont on Serre) is a commune in the department of Aisne in Hauts-de-France in northern France. Population  See also Communes of the Aisne department References "
Black Sun (Ra album),"Black Sun is the third studio album from the alternative metal band Ra, released on September 23, 2008. ""Broken Hearted Soul"" was released as a single on Christmas Day 2007, later becoming available on iTunes on June 17, 2008. Black Sun was released to iTunes on September 16, 2008. Some retailers did not carry this album due to distribution problems (unverified).The album reached #193 on the Billboard 200. It also reached #2 on Heatseekers Albums, and #30 on Independent Albums. Black Sun has so"
Hildegard Lamfrom,"Hildegard Lamfrom was a German-American molecular biologist/biochemist. She helped develop one of the first in-vitro translation systems, using rabbit reticulocyte lysate to study protein synthesis (a process called translation) in a cell-free context. This allowed her to make a number of contributions to the field including providing some of the first direct evidence for the existence of messenger RNA (mRNA) as a protein template, as well as the existence of polyribosomes (aka polysomes) (multi"
2011–12 Eredivisie,"The 2011–12 Eredivisie is the 56th season of Eredivisie since its establishment in 1955. It began in August 2011 with the first matches of the season  and ended in June with the last matches of the European competition and relegation playoffs. AFC Ajax had the highest average attendance, around 49,000. Teams A total of 18 teams are taking part in the league, the best 15 teams from the 2010–11 season, two promotion/relegation playoff winners and the 2010–11 Eerste Divisie champions.="
Berufsverbot,"Berufsverbot is an order of ""professional disqualification"" under German law. Berufsverbot may be translated into English as ""professional ban"".A Berufsverbot disqualifies the recipient from engaging in certain professions or activities on the grounds of their criminal record, political convictions or membership in a particular group. In National Socialist Germany Pursuant to a 1933 law (the Law for the Restoration of the Professional Civil Service), many Jews, artists, political oppone"
2001 Grozny Mi-8 crash,"The 2001 Grozny Mil Mi-8 crash in Chechnya killed 13 Russian military personnel, mostly senior military officers including two generals.On September 17, 2001, a surface-to-air missile fired by a special Chechen group targeting Russian commanders downed a VIP Mil Mi-8 helicopter over Grozny, killing Major-General Anatoly Pozdnyakov, member of the General Staff of the Russian Armed Forces, Major-General Pavel Varfolomeyev, deputy director of staff of the Ministry of Defence of Russia, eight Colon"
Overdetermination,"Overdetermination occurs when a single-observed effect is determined by multiple causes, any one of which alone would be conceivably sufficient to account for (""determine"") the effect. The term ""overdetermination"" (German: Überdeterminierung) was used by Sigmund Freud as a key concept in his psychoanalysis, and later by Louis Althusser.In the philosophy of science, the concept of overdetermination has been used to describe a situation in which there are more causes present than are necessary to"
2022 Parkour World Championships,"The 2022 Parkour World Championships were the inaugural Parkour World Championships. Originally scheduled for 2020 and delayed due to the COVID-19 pandemic, they were held from October 14 to 16, 2022, in Tokyo, Japan. History The first FIG Parkour World Championships were originally scheduled to take place at Hiroshima on 3–5 April 2020, but postponed as a result of the COVID-19 pandemic. Events = Men  Women = References  External links Parkour.sport"
Altınova,"Altınova is a town in Yalova Province in the east of Marmara region of Turkey. It is the seat of Altınova District. Its population is 9,042 (2022). The mayor is Metin Oral (AK Party). Geography The district is located in the narrowest part of Kocaeli Bay. The coastal part of the district is formed by the Hersek delta formed by Yalakdere. Floristry in Altınova has become a large economic sector. Shipyards area The increasing demand for new construction, maintenance and repair in t"
Mānawa Bay,"Mānawa Bay is a outlet shopping centre located in Auckland, New Zealand. It has more than 100 stores, mainly outlets and restaurant space, situated under a 35,000m2 building. It is situated by Auckland Airport, on the corner of Tom Pearce Drive and Jimmy Ward Crescent.The centre is named after its location by Pūkaki Creek, as ""Mānawa"" translates to ""mangroves"" in English, reflecting the area's abundant mangrove population. Development The centre was developed by Auckland Airport Interna"
Canoeing at the 2020 Summer Olympics – Men's K-4 500 metres,"The men's K-4 500 metres sprint canoeing event at the 2020 Summer Olympics took place on 6 and 7 August 2021 at the Sea Forest Waterway. 44 canoeists (11 boats of 4) from 11 nations competed. Background This was the debut appearance of the event, replacing the 1000 metres men's K-4 race that was held from 1964 to 2016.The reigning World Champions were Tom Liebscher, Ronald Rauhe, Max Rendschmidt, and Max Lemke of Germany, who were named to the German team. The 2016 Olympic champions in "
Brake bleeding,"Brake bleeding is the procedure performed on hydraulic brake systems whereby the brake lines (the pipes and hoses containing the brake fluid) are purged of any air bubbles. This is necessary because, while the brake fluid is an incompressible liquid, air bubbles are compressible gas and their presence in the brake system greatly reduces the hydraulic pressure that can be developed within the system. The same methods used for bleeding are also used for brake flushing or purging, where the old flu"
Emprosthiothrips,Emprosthiothrips is a genus of thrips in the family Phlaeothripidae. Species Emprosthiothrips bogongEmprosthiothrips brimblecombeiEmprosthiothrips brittoniEmprosthiothrips csiroEmprosthiothrips epallelusEmprosthiothrips niger References 
ALIF (group),"ALIF (Attaque libératoire de l'infanterie féministe, English: Liberation Attack of the Feminist Infantry) is the pioneer female hip hop trio of Hip Hop Galsen. Emerging in the late mid-1990s, ALIF offered a feminine and feminist flavour to Hip Hop Galsen encouraging women to play their part in the movement. The group split beginning of 2010 after thirteen years. Biography In 1997, Myrièm (Marième Diallo), Njaayaa (Ndiaya Gueye) and Oumy (Oumy Ndiaye) created ALIF, the first female hip ho"
Ayşegül Doğan,"Ayşegül Doğan (born 1977, Ankara, Turkey) is a  Kurdish journalist and politician and since June 2023 a member of the Grand National Assembly of Turkey representing Sirnak for the Green Left Party. She is also the daughter of the late Orhan Dogan. Early life and education Doğan was born in Ankara in 1977  After having completed her primary and secondary education she traveled abroad to pursue to study communications at the University of Metz and the school of journalism in Paris between "
David Friedman (actor),"David Friedman (born June 10, 1973) is a former American child actor of the 1980s.Friedman is known for his role as Jason Carter in the Michael Landon TV series Little House on the Prairie. He retired from Hollywood at the age of 12, went to college in the San Diego area and eventually became a marketing consultant. Filmography  External links David Friedman at IMDbYoung Artist Awards"
Burgis Beach,"Burgis Beach is a hamlet in the Canadian province of Saskatchewan. Access is from Tiny Road, which is a grid road that runs from Highway 5 at Tiny south to Highway 229. Geography The community is on the eastern shore of Good Spirit Lake in the RM of Good Lake No. 274. The resorts of Sandy Beach and Parkland Resort are adjacent to the hamlet and the eastern boundary of Good Spirit Lake Provincial Park is to the south. Demographics In the 2021 Census of Population conducted by Sta"
St. Louis Community College–Meramec,"St. Louis Community College–Meramec (also known as STLCC-Meramec or Meramec) campus is located in the suburb of Kirkwood, Missouri.  Meramec is the largest community college in Missouri with over 12,000 undergraduate and transfer students. Along with the 78-acre (31.6 ha) main campus in Kirkwood, Meramec operates one satellite campus in South St. Louis County - Meramec's South County Education and University Center.  The college is named after the Meramec River that meanders through central Miss"
Jérôme Lulling,"Jérôme Lulling is a linguist from Luxembourg who has been a leading figure in preservation and educational efforts relating to the Luxembourgish language, a Germanic language that became one of Luxembourg’s three official languages in 1984 and is spoken by approximately 600,000 people worldwide.Lulling’s initial contributions to enhancing the language took place between 2000 and 2002, when he compiled the language’s first computer spellchecker as part of his Ph.D. dissertation at the Université"
List of World Heritage Sites in Cameroon,"The United Nations Educational, Scientific and Cultural Organization (UNESCO) has designated 147 World Heritage Sites in Africa. These sites are located in 46 countries (also called ""state parties""). Selection of World Heritage Sites Ethiopia has the lead with eleven sites; followed by South Africa with ten, Morocco and Tunisia being home to nine sites; then Algeria, Egypt, Senegal, and Tanzania at seven. Nine countries have only a single site each. Four sites are shared between two coun"
Jean-Michel Izart,Jean-Michel Izart (born 26 July 1954) is a French rower. He competed in the men's double sculls event at the 1976 Summer Olympics. References 
List of Helmet band members,"Helmet is an American alternative metal band from New York City, New York. Formed in 1989, the group originally featured guitarist and vocalist Page Hamilton, guitarist Peter Mengede, bassist Henry Bogdan and drummer John Stanier. The group released its debut album Strap It On in 1990, followed by Meantime in 1992 on Interscope Records. Due to increased tensions with frontman Hamilton, Mengede was fired from the band on February 17, 1993. After his dismissal, the guitarist went on to form the su"
Grace Burbridge,"Grace Edith Burbridge (15 July 1887 – ) was a British suffragette, burned whilst setting fire to a postbox. Life and activism Burbridge was born in 1887 in Holloway, Middlesex, to William and Harriet Burbridge.Burbridge became a shorthand typist. By the age of 25, her salary supported her father and sister living in Hartham Road, Holloway.Burbridge became involved in the militancy for women's suffrage.Burbridge was arrested in 1913 after setting fire to a postbox at the junction of Ca"
Collomia linearis,"Collomia linearis is a species of flowering plant in the phlox family known by the common names tiny trumpet and slenderleaf collomia. This tiny wildflower is native to North America, where it is fairly widespread across the north and west. It is an annual herb, rarely exceeding 30 centimetres (12 in) in height, with a velvety erect stem bearing long, narrow green leaves. Atop the stem is a cluster of up to 20 white or light pink flowers, each about a centimeter across. Each has five small round"
Episcepsis venata,"Episcepsis venata is a moth of the family Erebidae. It was described by Arthur Gardiner Butler in 1877. It is found in Mexico and the Amazon region. Description Wings hyaline, the veins black; primaries brownish, with the apex, base, external angle, margins, and a spot on the discocellulars, dark brown; secondaries hyaline white, with a broad external black border. Body dark brown; frons white-spotted; back of head and sides of collar spotted with carmine; abdomen shot with blue, termina"
Alcatraz coup,"The Alcatraz coup is an illegal method of learning about the opponents' cards in contract bridge. It is not a true coup, and the phrase itself is a reference to its supposed provenance: the defunct Alcatraz penitentiary. The ""coup"" consists of a deliberate revoke by declarer, causing the next player to reveal whether he holds the key card whose location is sought. The declarer then corrects the revoke (which is allowed without penalty if done soon enough) and the defender may change his play, bu"
2022 AFF U-19 Youth Championship,"The 2022 AFF U-19 Youth Championship was the 18th edition of the AFF U-19 Youth Championship, organised by ASEAN Football Federation. It was hosted by Indonesia during July 2022. The planned 2020 and 2021 AFF U-19 Youth Championship were cancelled due to COVID-19 pandemic. Players born after 1 January 2003 could participate in this tournament.Malaysia beat Laos 2–0 in the final for their second title in the championship. Participant teams There was no qualification, and all entrants adv"
Chris Franke,"Chris Franke is an American experimental poet from Charlottesville, Virginia.  His work includes concrete poetry, sound poetry, performance poetry, and various forms of conventional poetry.  He has performed as a member of the Endangered Species Trio as a reader of his poetry to harp and flute accompaniment.  His poems have also been included in the paintings of other artists.Franke has performed sound poetry readings and more conventional poetry readings in Northeast Ohio for decades.  His fir"
Pakatahi Island,"Pakatahi Island is a small island in the Bay of Islands of New Zealand, located about 7 kilometres (4.3 mi) northeast of Russell. The island is about 700 metres (2,300 ft) off the shore of Moturua Island and about 22 metres (72 ft) from Kuiamokimoki Island. References "
Postage stamps and postal history of Nigeria,"This is a survey of the postage stamps and postal history of Nigeria. First stamps The first stamps for Nigeria were issued on 1 June 1914 following the amalgamation of all of the British colonies in the area (Northern Nigeria Protectorate and Southern Nigeria Protectorate). The first stamps were the standard King George V Empire keytype, which was also previously used for the issues of Northern Nigeria. Federation and Republic The first issue of independent Nigeria was issued o"
Calvin Elfring,"Calvin Elfring (born April 23, 1976) is a Canadian former professional ice hockey defenceman. He was originally selected by the Quebec Nordiques in the seventh round (165th overall) of the 1994 NHL Entry Draft. He played predominantly for Straubing Tigers in the 2nd Bundesliga and the Deutsche Eishockey Liga (DEL) from 2004 to 2013. Career statistics  Awards and honours  References  External links Biographical information and career statistics from NHL.com, or Elite"
1992 Albena Cup,"The 1992 Grand Hotel Varna Tournament was the fifth edition of the Albena Cup, an invitational women's football tournament held annually in Varna, Bulgaria. Format The tournament consisted of a group stage, held over three match days followed by a single day of classification matches to determine the final standings.For the group stage, the twelve teams were split into three groups of four teams. Each group played a round-robin tournament with each team playing one match against each ot"
Land Transport Regulatory Authority of Tanzania,"The Land Transport Regulatory Authority of Tanzania (LATRA) is a government agency responsible for regulating and overseeing land transportation in Tanzania. It was established in 2019 by the Land Transport Regulatory Authority Act, which replaced the Surface and Marine Transport Regulatory Authority (SUMATRA). History Prior to the establishment of LATRA, land transport regulation in Tanzania was handled by SUMATRA, which was established in 2001 to oversee both land and maritime transpor"
George Kenning (entrepreneur),"Sir George Kenning (21 May 1880 – 6 February 1956) was an English entrepreneur who grew the family business from a corner shop to a nationwide car dealership that employed around 2,000 people. Kenning became one of the early pioneers in selling, servicing and financing the use of motor vehicles by industry, commerce and individuals. At the time of his death, the firm had a turnover of £20m. Kenning was also active as a local councillor and benefactor. He was knighted in 1943. Life Kennin"
2020 US Open – Wheelchair men's doubles,"Three-time defending champions Alfie Hewett and Gordon Reid defeated Stéphane Houdet and Nicolas Peifer in a rematch of the 2018 final, 6–4, 6–1 to win the men's doubles wheelchair tennis title at the 2020 US Open. Seeds  Draw = Key  Bracket = References  External links Draw"
Roy Gibson (classicist),"Roy Gibson is a British Classicist and Professor at Durham University. Specialising in Latin Literature, he has worked extensively on the imperial period, with a focus on Ovid and Pliny the Younger. Gibson is also the joint-chair of the Classical Association and serves on the editorial board of the Journal of Roman Studies. Career Gibson studied Classics at Sidney Sussex College, Cambridge, leading to a BA (1987) and later a PhD (1993). He then went on to become a Research Fellow at the "
Christianity.com,"Christianity.com is a site owned and operated by Salem Web Network and headquartered in Richmond, Virginia. The stated focus of Christianity.com is to provide Christian content and interactive tools to help people understand Christianity.  Pastors, authors, and speakers such as John F. MacArthur, Adrian Rogers, Kay Arthur, Chuck Swindoll, Hank Hanegraaff, and John Piper contribute to the site. History In 1999, Christianity.com was originally headquartered in Silicon Valley, California. S"
Peter Graf (painter),Peter Graf (born June 4th 1937 in Crimmitschau) is a German painter. He won the Hans-Theo-Richter-Preis of the Sächsische Akademie der Künste in 2001. See also List of German painters References 
2017–18 FIS Race (ski jumping),"The 2017/18 FIS Race (ski jumping) was the 19th FIS Race regular season as the fourth level of ski jumping competition since 1999/00. Although even before the world cup and in the old days FIS Race events were all top level organized competitions.Other competitive circuits this season included the World Cup, Grand Prix, Continental Cup, FIS Cup and Alpen Cup. Calendar = Men  Ladies = References "
