"HITId","HITTypeId","Title","Description","Keywords","Reward","CreationTime","MaxAssignments","RequesterAnnotation","AssignmentDurationInSeconds","AutoApprovalDelayInSeconds","Expiration","NumberOfSimilarHITs","LifetimeInSeconds","AssignmentId","WorkerId","AssignmentStatus","AcceptTime","SubmitTime","AutoApprovalTime","ApprovalTime","RejectionTime","RequesterFeedback","WorkTimeInSeconds","LifetimeApprovalRate","Last30DaysApprovalRate","Last7DaysApprovalRate","Answer.Fact.fact","Answer.Myth.myth","Answer.No.no","Answer.Yes.yes","Answer.aiName","Answer.factSource","Answer.sentence","Approve","Reject"
"3VDI8GSXBZRB8E7KHSKNCBFXJZ68GB","3QH037L2C735EFYINNDZFLZ78H7WAX","Submit an interesting fact or myth","Please submit an interesting fact or myth, and indicate which one. If submitting a fact, please provide a source (website URL, book reference, etc). If submitting a myth, please specify if it was generated with AI.","survey","$0.06","Mon Nov 25 12:33:09 PST 2024","100","BatchId:5274683;OriginalHitTemplateId:928390912;","3600","259200","Thu Nov 28 12:33:09 PST 2024","","","308XBLVES32OMMCZQH3AR1FYAN5BR3","A1DAG5OKVLBSH7","Approved","Mon Nov 25 19:05:31 PST 2024","Mon Nov 25 19:30:02 PST 2024","Thu Nov 28 19:30:02 PST 2024","Thu Nov 28 19:30:13 PST 2024","","","1471","100% (1/1)","100% (1/1)","0% (0/0)","true","false","false","true","ChatGPT","If the sentence is classified as a fact, the user provides a source, such as a URL, book title, or other credible reference, to validate the statement.","A user enters the sentence they wish to classify into the provided field."
"3VDI8GSXBZRB8E7KHSKNCBFXJZ68GB","3QH037L2C735EFYINNDZFLZ78H7WAX","Submit an interesting fact or myth","Please submit an interesting fact or myth, and indicate which one. If submitting a fact, please provide a source (website URL, book reference, etc). If submitting a myth, please specify if it was generated with AI.","survey","$0.06","Mon Nov 25 12:33:09 PST 2024","100","BatchId:5274683;OriginalHitTemplateId:928390912;","3600","259200","Thu Nov 28 12:33:09 PST 2024","","","30LSNF239FTH5A9KH1GQCGB3TL8I23","A3AFCTFRA8NK33","Approved","Mon Nov 25 18:52:43 PST 2024","Mon Nov 25 19:03:10 PST 2024","Thu Nov 28 19:03:10 PST 2024","Thu Nov 28 19:03:13 PST 2024","","","627","100% (1/1)","100% (1/1)","0% (0/0)","true","false","false","true","Would you like to include any guidance for users on how to identify AI-generated myths?","Would you like to make this step mandatory or optional for submission?","Would you like assistance structuring the remaining steps or turning this into an interactive format?"
"3VDI8GSXBZRB8E7KHSKNCBFXJZ68GB","3QH037L2C735EFYINNDZFLZ78H7WAX","Submit an interesting fact or myth","Please submit an interesting fact or myth, and indicate which one. If submitting a fact, please provide a source (website URL, book reference, etc). If submitting a myth, please specify if it was generated with AI.","survey","$0.06","Mon Nov 25 12:33:09 PST 2024","100","BatchId:5274683;OriginalHitTemplateId:928390912;","3600","259200","Thu Nov 28 12:33:09 PST 2024","","","30X31N5D6OOV4R7KZS3JM00OE8VASP","A714FAI9LIUO6","Approved","Mon Nov 25 21:48:01 PST 2024","Mon Nov 25 22:01:58 PST 2024","Thu Nov 28 22:01:58 PST 2024","Thu Nov 28 22:02:13 PST 2024","","","837","100% (1/1)","100% (1/1)","0% (0/0)","false","true","true","false","none","https://news.uthscsa.edu/are-these-common-beliefs-myths-or-facts/","Cold weather can make you sick."
"3VDI8GSXBZRB8E7KHSKNCBFXJZ68GB","3QH037L2C735EFYINNDZFLZ78H7WAX","Submit an interesting fact or myth","Please submit an interesting fact or myth, and indicate which one. If submitting a fact, please provide a source (website URL, book reference, etc). If submitting a myth, please specify if it was generated with AI.","survey","$0.06","Mon Nov 25 12:33:09 PST 2024","100","BatchId:5274683;OriginalHitTemplateId:928390912;","3600","259200","Thu Nov 28 12:33:09 PST 2024","","","30ZX6P7VFTTD0LTQZJ1QOHQ361PJ2A","A3K594RN26UE8N","Approved","Mon Nov 25 21:37:43 PST 2024","Mon Nov 25 21:38:55 PST 2024","Thu Nov 28 21:38:55 PST 2024","Thu Nov 28 21:39:13 PST 2024","","","72","100% (1/1)","100% (1/1)","0% (0/0)","true","false","true","false","Not AI generated","https://www.today.com/life/inspiration/interesting-facts-rcna130243","A group of owls is called a parliament."
"3VDI8GSXBZRB8E7KHSKNCBFXJZ68GB","3QH037L2C735EFYINNDZFLZ78H7WAX","Submit an interesting fact or myth","Please submit an interesting fact or myth, and indicate which one. If submitting a fact, please provide a source (website URL, book reference, etc). If submitting a myth, please specify if it was generated with AI.","survey","$0.06","Mon Nov 25 12:33:09 PST 2024","100","BatchId:5274683;OriginalHitTemplateId:928390912;","3600","259200","Thu Nov 28 12:33:09 PST 2024","","","31LVTDXBLS80ZVYBHUS454B3MGFRL0","A2PCLNMVUU3T9H","Approved","Mon Nov 25 17:01:18 PST 2024","Mon Nov 25 17:05:44 PST 2024","Thu Nov 28 17:05:44 PST 2024","Thu Nov 28 17:06:13 PST 2024","","","266","100% (1/1)","100% (1/1)","0% (0/0)","true","false","false","true","chargpt","https://worker.mturk.com/projects/3SBA6YTBZN6J7PK1QSRFJ5ZJ1JLBO7/tasks/3VDI8GSXBZRB8E7KHSKNCBFXJZ68GB?assignment_id=31LVTDXBLS80ZVYBHUS454B3MGFRL0&from_queue=true","yes i want classify"
"3VDI8GSXBZRB8E7KHSKNCBFXJZ68GB","3QH037L2C735EFYINNDZFLZ78H7WAX","Submit an interesting fact or myth","Please submit an interesting fact or myth, and indicate which one. If submitting a fact, please provide a source (website URL, book reference, etc). If submitting a myth, please specify if it was generated with AI.","survey","$0.06","Mon Nov 25 12:33:09 PST 2024","100","BatchId:5274683;OriginalHitTemplateId:928390912;","3600","259200","Thu Nov 28 12:33:09 PST 2024","","","31UV0MXWNBA947S7ZKIOANEFDV15IT","A2C2AHKWE9ZVE6","Approved","Mon Nov 25 18:48:38 PST 2024","Mon Nov 25 18:58:30 PST 2024","Thu Nov 28 18:58:30 PST 2024","Thu Nov 28 18:59:13 PST 2024","","","592","100% (1/1)","100% (1/1)","0% (0/0)","false","true","true","false","N/A","https://www.cdc.gov/vaccine-safety/about/autism.html","A cause of autism is from a vaccine."
"3VDI8GSXBZRB8E7KHSKNCBFXJZ68GB","3QH037L2C735EFYINNDZFLZ78H7WAX","Submit an interesting fact or myth","Please submit an interesting fact or myth, and indicate which one. If submitting a fact, please provide a source (website URL, book reference, etc). If submitting a myth, please specify if it was generated with AI.","survey","$0.06","Mon Nov 25 12:33:09 PST 2024","100","BatchId:5274683;OriginalHitTemplateId:928390912;","3600","259200","Thu Nov 28 12:33:09 PST 2024","","","326O153BM3WSSF5EI7AGNK4FYJSDE0","A387TC2AEOM0QL","Approved","Mon Nov 25 18:52:40 PST 2024","Mon Nov 25 18:58:43 PST 2024","Thu Nov 28 18:58:43 PST 2024","Thu Nov 28 18:59:13 PST 2024","","","363","100% (1/1)","100% (1/1)","0% (0/0)","false","true","false","true","If you know the AI that generated the myth, you can specify it here (e.g., ChatGPT, Bard, etc.). If you're unsure, feel free to indicate that, and we can explore how to determine its origin. Let me know if you need help!","Please share the fact or sentence you'd like to classify, and I can help you find a reliable source to support it! If you already have a specific statement in mind, include it, and I'll assist with sourcing accurate references. ðŸ˜Š","Sure! Please go ahead and input the sentence you'd like to classify. I'll help you determine whether it's a fact or a myth and provide additional context or sources if needed. ðŸ˜Š"
"3VDI8GSXBZRB8E7KHSKNCBFXJZ68GB","3QH037L2C735EFYINNDZFLZ78H7WAX","Submit an interesting fact or myth","Please submit an interesting fact or myth, and indicate which one. If submitting a fact, please provide a source (website URL, book reference, etc). If submitting a myth, please specify if it was generated with AI.","survey","$0.06","Mon Nov 25 12:33:09 PST 2024","100","BatchId:5274683;OriginalHitTemplateId:928390912;","3600","259200","Thu Nov 28 12:33:09 PST 2024","","","32SVAV9L307RKAM59D2IESSCMR7A36","A3O65XXK50TRZG","Approved","Mon Nov 25 19:17:18 PST 2024","Mon Nov 25 20:12:42 PST 2024","Thu Nov 28 20:12:42 PST 2024","Thu Nov 28 20:13:13 PST 2024","","","3324","100% (1/1)","100% (1/1)","0% (0/0)","true","false","false","true","ChatGPT","NASA - NASA Solar System Exploration","The Earth orbits the Sun."
"3VDI8GSXBZRB8E7KHSKNCBFXJZ68GB","3QH037L2C735EFYINNDZFLZ78H7WAX","Submit an interesting fact or myth","Please submit an interesting fact or myth, and indicate which one. If submitting a fact, please provide a source (website URL, book reference, etc). If submitting a myth, please specify if it was generated with AI.","survey","$0.06","Mon Nov 25 12:33:09 PST 2024","100","BatchId:5274683;OriginalHitTemplateId:928390912;","3600","259200","Thu Nov 28 12:33:09 PST 2024","","","32VNZTT0AS241NRQB2TNJN9S0WH4RL","A2OCO7MMZQWI4B","Approved","Mon Nov 25 22:01:50 PST 2024","Mon Nov 25 22:10:37 PST 2024","Thu Nov 28 22:10:37 PST 2024","Thu Nov 28 22:11:13 PST 2024","","","527","100% (1/1)","100% (1/1)","0% (0/0)","true","false","false","true","Example: ""ChatGPT"" or ""Bard"".","Example source: ""https://www.ncbi.nlm.nih.gov/pmc/articles/PMC3202480/"" (for a fact about oxygen being necessary for human life).","Example: ""Humans need oxygen to survive."""
"3VDI8GSXBZRB8E7KHSKNCBFXJZ68GB","3QH037L2C735EFYINNDZFLZ78H7WAX","Submit an interesting fact or myth","Please submit an interesting fact or myth, and indicate which one. If submitting a fact, please provide a source (website URL, book reference, etc). If submitting a myth, please specify if it was generated with AI.","survey","$0.06","Mon Nov 25 12:33:09 PST 2024","100","BatchId:5274683;OriginalHitTemplateId:928390912;","3600","259200","Thu Nov 28 12:33:09 PST 2024","","","3300DTYQTNFMHO9JNTG0NJBEHZ8EQZ","A2A9E6UGFZ4J22","Approved","Mon Nov 25 21:53:07 PST 2024","Mon Nov 25 21:58:09 PST 2024","Thu Nov 28 21:58:09 PST 2024","Thu Nov 28 21:58:13 PST 2024","","","302","100% (1/1)","100% (1/1)","0% (0/0)","true","false","true","false","Wikiopedia","https://en.wikipedia.org/wiki/Triumvirate_(ancient_Rome)","In 53 JC, Rome was governed by a triumvirate."
"3VDI8GSXBZRB8E7KHSKNCBFXJZ68GB","3QH037L2C735EFYINNDZFLZ78H7WAX","Submit an interesting fact or myth","Please submit an interesting fact or myth, and indicate which one. If submitting a fact, please provide a source (website URL, book reference, etc). If submitting a myth, please specify if it was generated with AI.","survey","$0.06","Mon Nov 25 12:33:09 PST 2024","100","BatchId:5274683;OriginalHitTemplateId:928390912;","3600","259200","Thu Nov 28 12:33:09 PST 2024","","","336YQZE83GCV0QIYKZGG2GLWU3UM5X","A1GZZACQXDIRLG","Approved","Mon Nov 25 13:34:14 PST 2024","Mon Nov 25 13:41:53 PST 2024","Thu Nov 28 13:41:53 PST 2024","Thu Nov 28 13:42:13 PST 2024","","","459","100% (1/1)","100% (1/1)","0% (0/0)","false","true","true","false","N/A","https://www.wtamu.edu/~cbaird/sq/2012/12/18/why-are-veins-blue/#:~:text=Blood%20is%20always%20red.,dark%20red%20and%20not%20blue.","Blood is actually blue"
"3VDI8GSXBZRB8E7KHSKNCBFXJZ68GB","3QH037L2C735EFYINNDZFLZ78H7WAX","Submit an interesting fact or myth","Please submit an interesting fact or myth, and indicate which one. If submitting a fact, please provide a source (website URL, book reference, etc). If submitting a myth, please specify if it was generated with AI.","survey","$0.06","Mon Nov 25 12:33:09 PST 2024","100","BatchId:5274683;OriginalHitTemplateId:928390912;","3600","259200","Thu Nov 28 12:33:09 PST 2024","","","338JKRMM2RX6EIT4OYRKIMTM5XFAH5","AC1REGPYHIL12","Approved","Mon Nov 25 22:01:12 PST 2024","Mon Nov 25 22:10:43 PST 2024","Thu Nov 28 22:10:43 PST 2024","Thu Nov 28 22:11:13 PST 2024","","","571","100% (1/1)","100% (1/1)","0% (0/0)","true","false","false","true","Example: ""ChatGPT"" or ""Bard"".","Example source: ""https://www.ncbi.nlm.nih.gov/pmc/articles/PMC3202480/"" (for a fact about oxygen being necessary for human life).","Example: ""Humans need oxygen to survive."""
"3VDI8GSXBZRB8E7KHSKNCBFXJZ68GB","3QH037L2C735EFYINNDZFLZ78H7WAX","Submit an interesting fact or myth","Please submit an interesting fact or myth, and indicate which one. If submitting a fact, please provide a source (website URL, book reference, etc). If submitting a myth, please specify if it was generated with AI.","survey","$0.06","Mon Nov 25 12:33:09 PST 2024","100","BatchId:5274683;OriginalHitTemplateId:928390912;","3600","259200","Thu Nov 28 12:33:09 PST 2024","","","33FOTY3KE7JJ3M5O6NKQWU33OABC1F","AA3D0T8JUR2Q8","Approved","Mon Nov 25 18:06:37 PST 2024","Mon Nov 25 18:09:51 PST 2024","Thu Nov 28 18:09:51 PST 2024","Thu Nov 28 18:10:13 PST 2024","","","194","100% (1/1)","100% (1/1)","0% (0/0)","true","false","true","false","Not AI Generated  -  A fact from Wiki","https://en.wikipedia.org/wiki/Water_on_Mars","Mars Planet  has water present  - a fact"
"3VDI8GSXBZRB8E7KHSKNCBFXJZ68GB","3QH037L2C735EFYINNDZFLZ78H7WAX","Submit an interesting fact or myth","Please submit an interesting fact or myth, and indicate which one. If submitting a fact, please provide a source (website URL, book reference, etc). If submitting a myth, please specify if it was generated with AI.","survey","$0.06","Mon Nov 25 12:33:09 PST 2024","100","BatchId:5274683;OriginalHitTemplateId:928390912;","3600","259200","Thu Nov 28 12:33:09 PST 2024","","","33IZTU6J8MZ704FDA2VX68BMFRRXSZ","AVIGHIOZA4BPE","Approved","Mon Nov 25 15:42:42 PST 2024","Mon Nov 25 15:45:35 PST 2024","Thu Nov 28 15:45:35 PST 2024","Thu Nov 28 15:46:13 PST 2024","","","173","100% (1/1)","100% (1/1)","0% (0/0)","false","true","false","true","ChatGPT","http://www.cdc.gov/vaccinesafety/concerns/autism.html","Vaccines cause autism"
"3VDI8GSXBZRB8E7KHSKNCBFXJZ68GB","3QH037L2C735EFYINNDZFLZ78H7WAX","Submit an interesting fact or myth","Please submit an interesting fact or myth, and indicate which one. If submitting a fact, please provide a source (website URL, book reference, etc). If submitting a myth, please specify if it was generated with AI.","survey","$0.06","Mon Nov 25 12:33:09 PST 2024","100","BatchId:5274683;OriginalHitTemplateId:928390912;","3600","259200","Thu Nov 28 12:33:09 PST 2024","","","33JKGHPFYXSZQFO4OZC2WXLILQ7MN4","A2NQZ2QIHRXC8A","Approved","Mon Nov 25 20:50:02 PST 2024","Mon Nov 25 20:52:13 PST 2024","Thu Nov 28 20:52:13 PST 2024","Thu Nov 28 20:53:13 PST 2024","","","131","100% (1/1)","100% (1/1)","0% (0/0)","false","true","false","true","ChatGPT","https://copilot.microsoft.com/chats/SFPA7VjL6txQqxaathHrF","""The Phoenix is â€‹â€‹said to rise from its own ashes, symbolizing renewal and immortality."""
"3VDI8GSXBZRB8E7KHSKNCBFXJZ68GB","3QH037L2C735EFYINNDZFLZ78H7WAX","Submit an interesting fact or myth","Please submit an interesting fact or myth, and indicate which one. If submitting a fact, please provide a source (website URL, book reference, etc). If submitting a myth, please specify if it was generated with AI.","survey","$0.06","Mon Nov 25 12:33:09 PST 2024","100","BatchId:5274683;OriginalHitTemplateId:928390912;","3600","259200","Thu Nov 28 12:33:09 PST 2024","","","34QN5IT0TKPHKUUTTS0LG3OATR708H","A1QF25HDH9WIE9","Approved","Mon Nov 25 19:57:05 PST 2024","Mon Nov 25 20:29:10 PST 2024","Thu Nov 28 20:29:10 PST 2024","Thu Nov 28 20:29:13 PST 2024","","","1925","100% (1/1)","100% (1/1)","0% (0/0)","false","true","true","false","chatgpt","Source: Mayo Clinic (or any other credible source that debunks the ""eight glasses"" claim)","""Drinking eight glasses of water a day is essential for good health."""
"3VDI8GSXBZRB8E7KHSKNCBFXJZ68GB","3QH037L2C735EFYINNDZFLZ78H7WAX","Submit an interesting fact or myth","Please submit an interesting fact or myth, and indicate which one. If submitting a fact, please provide a source (website URL, book reference, etc). If submitting a myth, please specify if it was generated with AI.","survey","$0.06","Mon Nov 25 12:33:09 PST 2024","100","BatchId:5274683;OriginalHitTemplateId:928390912;","3600","259200","Thu Nov 28 12:33:09 PST 2024","","","36AHBNMV1CAQYKM5I8MAUNWVGWQYDV","A2B1X4UXO5XT1U","Approved","Mon Nov 25 22:31:29 PST 2024","Mon Nov 25 22:37:11 PST 2024","Thu Nov 28 22:37:11 PST 2024","Thu Nov 28 22:37:13 PST 2024","","","342","100% (1/1)","100% (1/1)","0% (0/0)","true","false","false","true","Example: ""ChatGPT"" or ""Bard"".","Example source: ""https://www.ncbi.nlm.nih.gov/pmc/articles/PMC3202480/"" (for a fact about oxygen being necessary for human life).","Example: ""Humans need oxygen to survive."""
"3VDI8GSXBZRB8E7KHSKNCBFXJZ68GB","3QH037L2C735EFYINNDZFLZ78H7WAX","Submit an interesting fact or myth","Please submit an interesting fact or myth, and indicate which one. If submitting a fact, please provide a source (website URL, book reference, etc). If submitting a myth, please specify if it was generated with AI.","survey","$0.06","Mon Nov 25 12:33:09 PST 2024","100","BatchId:5274683;OriginalHitTemplateId:928390912;","3600","259200","Thu Nov 28 12:33:09 PST 2024","","","36W0OB37HHC7FQ1C0Q7JZFKVEILHZC","A2PZDNXOJ3SF8P","Approved","Mon Nov 25 21:56:30 PST 2024","Mon Nov 25 21:58:53 PST 2024","Thu Nov 28 21:58:53 PST 2024","Thu Nov 28 21:59:13 PST 2024","","","143","100% (1/1)","100% (1/1)","0% (0/0)","true","false","false","true","Example: ""ChatGPT"" or ""Bard"".","Example source: ""https://www.ncbi.nlm.nih.gov/pmc/articles/PMC3202480/"" (for a fact about oxygen being necessary for human life).","Example: ""Humans need oxygen to survive."""
"3VDI8GSXBZRB8E7KHSKNCBFXJZ68GB","3QH037L2C735EFYINNDZFLZ78H7WAX","Submit an interesting fact or myth","Please submit an interesting fact or myth, and indicate which one. If submitting a fact, please provide a source (website URL, book reference, etc). If submitting a myth, please specify if it was generated with AI.","survey","$0.06","Mon Nov 25 12:33:09 PST 2024","100","BatchId:5274683;OriginalHitTemplateId:928390912;","3600","259200","Thu Nov 28 12:33:09 PST 2024","","","379J5II419EBQRT6VO846XCK7SVLEP","AGTNZMMDT0F5F","Approved","Mon Nov 25 19:09:45 PST 2024","Mon Nov 25 19:54:41 PST 2024","Thu Nov 28 19:54:41 PST 2024","Thu Nov 28 19:55:13 PST 2024","","","2696","100% (1/1)","100% (1/1)","0% (0/0)","true","false","true","false","N/A","https://www.euronews.com/next/2024/10/13/the-top-tech-billionaires-are-on-track-to-become-the-first-trillionaires-who-will-get-ther#:~:text=Leading%20the%20list%20was%20Musk,109.88%20per%20cent%20every%20year%22.","Elon Musk is projected to be the world's first trillionaire."
"3VDI8GSXBZRB8E7KHSKNCBFXJZ68GB","3QH037L2C735EFYINNDZFLZ78H7WAX","Submit an interesting fact or myth","Please submit an interesting fact or myth, and indicate which one. If submitting a fact, please provide a source (website URL, book reference, etc). If submitting a myth, please specify if it was generated with AI.","survey","$0.06","Mon Nov 25 12:33:09 PST 2024","100","BatchId:5274683;OriginalHitTemplateId:928390912;","3600","259200","Thu Nov 28 12:33:09 PST 2024","","","37TD41K0A27JX64IJ6ZASVQCEBHCSU","A3SWFTF2Z4JY0L","Approved","Mon Nov 25 22:04:45 PST 2024","Mon Nov 25 22:20:52 PST 2024","Thu Nov 28 22:20:52 PST 2024","Thu Nov 28 22:21:13 PST 2024","","","967","100% (1/1)","100% (1/1)","0% (0/0)","true","false","false","true","Example: ""ChatGPT"" or ""Bard"".","Example source: ""https://www.ncbi.nlm.nih.gov/pmc/articles/PMC3202480/"" (for a fact about oxygen being necessary for human life).","Example: ""Humans need oxygen to survive."""
"3VDI8GSXBZRB8E7KHSKNCBFXJZ68GB","3QH037L2C735EFYINNDZFLZ78H7WAX","Submit an interesting fact or myth","Please submit an interesting fact or myth, and indicate which one. If submitting a fact, please provide a source (website URL, book reference, etc). If submitting a myth, please specify if it was generated with AI.","survey","$0.06","Mon Nov 25 12:33:09 PST 2024","100","BatchId:5274683;OriginalHitTemplateId:928390912;","3600","259200","Thu Nov 28 12:33:09 PST 2024","","","37TRT2X24BP7OYTMICU1PAT706DBJD","A18LU0MLMK44LG","Approved","Mon Nov 25 19:14:13 PST 2024","Mon Nov 25 19:31:08 PST 2024","Thu Nov 28 19:31:08 PST 2024","Thu Nov 28 19:31:13 PST 2024","","","1015","100% (1/1)","100% (1/1)","0% (0/0)","true","false","true","false","N/A","AccuWeather: https://www.accuweather.com/","The weather is beautiful today."
"3VDI8GSXBZRB8E7KHSKNCBFXJZ68GB","3QH037L2C735EFYINNDZFLZ78H7WAX","Submit an interesting fact or myth","Please submit an interesting fact or myth, and indicate which one. If submitting a fact, please provide a source (website URL, book reference, etc). If submitting a myth, please specify if it was generated with AI.","survey","$0.06","Mon Nov 25 12:33:09 PST 2024","100","BatchId:5274683;OriginalHitTemplateId:928390912;","3600","259200","Thu Nov 28 12:33:09 PST 2024","","","37W3JXSD6R6P7QMWZ3R0MBLGNCGYWO","A1C4VO4G2QCW6V","Approved","Mon Nov 25 20:37:45 PST 2024","Mon Nov 25 20:40:55 PST 2024","Thu Nov 28 20:40:55 PST 2024","Thu Nov 28 20:41:13 PST 2024","","","190","100% (1/1)","100% (1/1)","0% (0/0)","true","false","true","false","It is not AI generated","https://www.sciencefocus.com/space/does-our-solar-system-have-a-wall","Our solar system has a wall called the heliopause."
"3VDI8GSXBZRB8E7KHSKNCBFXJZ68GB","3QH037L2C735EFYINNDZFLZ78H7WAX","Submit an interesting fact or myth","Please submit an interesting fact or myth, and indicate which one. If submitting a fact, please provide a source (website URL, book reference, etc). If submitting a myth, please specify if it was generated with AI.","survey","$0.06","Mon Nov 25 12:33:09 PST 2024","100","BatchId:5274683;OriginalHitTemplateId:928390912;","3600","259200","Thu Nov 28 12:33:09 PST 2024","","","37Z929RLGU60JN6T5SU0H5QG2WFTSQ","AWG210A376X6T","Approved","Mon Nov 25 20:03:47 PST 2024","Mon Nov 25 20:05:16 PST 2024","Thu Nov 28 20:05:16 PST 2024","Thu Nov 28 20:06:13 PST 2024","","","89","100% (1/1)","100% (1/1)","0% (0/0)","false","true","true","false","N/A","https://www.perseus.tufts.edu/Herakles/lion.html","What is the story of Hercules and the lion?"
"3VDI8GSXBZRB8E7KHSKNCBFXJZ68GB","3QH037L2C735EFYINNDZFLZ78H7WAX","Submit an interesting fact or myth","Please submit an interesting fact or myth, and indicate which one. If submitting a fact, please provide a source (website URL, book reference, etc). If submitting a myth, please specify if it was generated with AI.","survey","$0.06","Mon Nov 25 12:33:09 PST 2024","100","BatchId:5274683;OriginalHitTemplateId:928390912;","3600","259200","Thu Nov 28 12:33:09 PST 2024","","","386CSBG1OKKI49G4HBX2BVJ100UQ6Y","A2J8RLBDJT8FE2","Approved","Mon Nov 25 19:11:11 PST 2024","Mon Nov 25 20:04:37 PST 2024","Thu Nov 28 20:04:37 PST 2024","Thu Nov 28 20:05:13 PST 2024","","","3206","100% (1/1)","100% (1/1)","0% (0/0)","false","true","false","true","CHATGPT","https://nei.nih.gov","Eating carrots improves your eyesight."""
"3VDI8GSXBZRB8E7KHSKNCBFXJZ68GB","3QH037L2C735EFYINNDZFLZ78H7WAX","Submit an interesting fact or myth","Please submit an interesting fact or myth, and indicate which one. If submitting a fact, please provide a source (website URL, book reference, etc). If submitting a myth, please specify if it was generated with AI.","survey","$0.06","Mon Nov 25 12:33:09 PST 2024","100","BatchId:5274683;OriginalHitTemplateId:928390912;","3600","259200","Thu Nov 28 12:33:09 PST 2024","","","38BQUHLA9HYH80OGPECFBMLNB0IOMR","ADW8AR194PRBQ","Approved","Mon Nov 25 22:02:06 PST 2024","Mon Nov 25 22:11:11 PST 2024","Thu Nov 28 22:11:11 PST 2024","Thu Nov 28 22:11:13 PST 2024","","","545","100% (1/1)","100% (1/1)","0% (0/0)","true","false","false","true","Example: ""ChatGPT"" or ""Bard"".","Example source: ""https://www.ncbi.nlm.nih.gov/pmc/articles/PMC3202480/"" (for a fact about oxygen being necessary for human life).","Example: ""Humans need oxygen to survive."""
"3VDI8GSXBZRB8E7KHSKNCBFXJZ68GB","3QH037L2C735EFYINNDZFLZ78H7WAX","Submit an interesting fact or myth","Please submit an interesting fact or myth, and indicate which one. If submitting a fact, please provide a source (website URL, book reference, etc). If submitting a myth, please specify if it was generated with AI.","survey","$0.06","Mon Nov 25 12:33:09 PST 2024","100","BatchId:5274683;OriginalHitTemplateId:928390912;","3600","259200","Thu Nov 28 12:33:09 PST 2024","","","39O5D9O87EQFDPJ3TRY9KNI0MUR3C0","A3GTYGE0BS4ERL","Approved","Mon Nov 25 19:07:54 PST 2024","Mon Nov 25 20:00:15 PST 2024","Thu Nov 28 20:00:15 PST 2024","Thu Nov 28 20:01:13 PST 2024","","","3141","100% (1/1)","100% (1/1)","0% (0/0)","false","true","false","true","CHATGPT","https://nei.nih.gov","Eating carrots improves your eyesight"
"3VDI8GSXBZRB8E7KHSKNCBFXJZ68GB","3QH037L2C735EFYINNDZFLZ78H7WAX","Submit an interesting fact or myth","Please submit an interesting fact or myth, and indicate which one. If submitting a fact, please provide a source (website URL, book reference, etc). If submitting a myth, please specify if it was generated with AI.","survey","$0.06","Mon Nov 25 12:33:09 PST 2024","100","BatchId:5274683;OriginalHitTemplateId:928390912;","3600","259200","Thu Nov 28 12:33:09 PST 2024","","","39O5D9O87EQFDPJ3TRY9KNI0MVG3CR","APPGZLIAN43K9","Approved","Mon Nov 25 21:31:20 PST 2024","Mon Nov 25 21:41:19 PST 2024","Thu Nov 28 21:41:19 PST 2024","Thu Nov 28 21:42:13 PST 2024","","","599","100% (1/1)","100% (1/1)","0% (0/0)","false","true","false","true","If submitting a myth, please specify if it was generated with AI.","If submitting a fact, please provide a source (website URL, book reference, etc).","If it is a fact, provide a source. If it is a myth, indicate whether it was generated by AI or not."
"3VDI8GSXBZRB8E7KHSKNCBFXJZ68GB","3QH037L2C735EFYINNDZFLZ78H7WAX","Submit an interesting fact or myth","Please submit an interesting fact or myth, and indicate which one. If submitting a fact, please provide a source (website URL, book reference, etc). If submitting a myth, please specify if it was generated with AI.","survey","$0.06","Mon Nov 25 12:33:09 PST 2024","100","BatchId:5274683;OriginalHitTemplateId:928390912;","3600","259200","Thu Nov 28 12:33:09 PST 2024","","","3A1COHJ8N4TSVU0PR076MVNRF9DH86","A31XVDG5LXP1RY","Approved","Mon Nov 25 21:39:49 PST 2024","Mon Nov 25 22:05:47 PST 2024","Thu Nov 28 22:05:47 PST 2024","Thu Nov 28 22:06:13 PST 2024","","","1558","100% (1/1)","100% (1/1)","0% (0/0)","false","true","true","false","The claim is not tied to any single AI but rather to a widespread misunderstanding in both historical and modern media.","Harvard Medical School - Brainâ€™s Full Potential","Humans only use 10% of their brains."
"3VDI8GSXBZRB8E7KHSKNCBFXJZ68GB","3QH037L2C735EFYINNDZFLZ78H7WAX","Submit an interesting fact or myth","Please submit an interesting fact or myth, and indicate which one. If submitting a fact, please provide a source (website URL, book reference, etc). If submitting a myth, please specify if it was generated with AI.","survey","$0.06","Mon Nov 25 12:33:09 PST 2024","100","BatchId:5274683;OriginalHitTemplateId:928390912;","3600","259200","Thu Nov 28 12:33:09 PST 2024","","","3A4NIXBJ7RX92FLJCMWNJ5HTGT1LMR","A2X3WPWH81CVSW","Approved","Mon Nov 25 15:41:20 PST 2024","Mon Nov 25 15:51:24 PST 2024","Thu Nov 28 15:51:24 PST 2024","Thu Nov 28 15:52:13 PST 2024","","","604","100% (1/1)","100% (1/1)","0% (0/0)","false","true","true","false","ChatGPT","www.weather.gov/safety/lightning-myths","Lightning never strikes the same place twice."
"3VDI8GSXBZRB8E7KHSKNCBFXJZ68GB","3QH037L2C735EFYINNDZFLZ78H7WAX","Submit an interesting fact or myth","Please submit an interesting fact or myth, and indicate which one. If submitting a fact, please provide a source (website URL, book reference, etc). If submitting a myth, please specify if it was generated with AI.","survey","$0.06","Mon Nov 25 12:33:09 PST 2024","100","BatchId:5274683;OriginalHitTemplateId:928390912;","3600","259200","Thu Nov 28 12:33:09 PST 2024","","","3ATTHHXXWVMI6QCH5Q1J265Z6UCIXH","A2880Y23V0UITQ","Approved","Mon Nov 25 19:08:44 PST 2024","Mon Nov 25 19:09:59 PST 2024","Thu Nov 28 19:09:59 PST 2024","Thu Nov 28 19:10:13 PST 2024","","","75","100% (1/1)","100% (1/1)","0% (0/0)","false","true","true","false","Not AI generated","old saying","Cat has nine lives"
"3VDI8GSXBZRB8E7KHSKNCBFXJZ68GB","3QH037L2C735EFYINNDZFLZ78H7WAX","Submit an interesting fact or myth","Please submit an interesting fact or myth, and indicate which one. If submitting a fact, please provide a source (website URL, book reference, etc). If submitting a myth, please specify if it was generated with AI.","survey","$0.06","Mon Nov 25 12:33:09 PST 2024","100","BatchId:5274683;OriginalHitTemplateId:928390912;","3600","259200","Thu Nov 28 12:33:09 PST 2024","","","3B837J3LD9UN38T113P5HQPYEBTSRN","A2RPA3T9BNIC0A","Approved","Mon Nov 25 19:10:38 PST 2024","Mon Nov 25 19:13:15 PST 2024","Thu Nov 28 19:13:15 PST 2024","Thu Nov 28 19:14:13 PST 2024","","","157","100% (1/1)","100% (1/1)","0% (0/0)","true","false","true","false","This example is not a myth because I used my own knowledge and education to write the sentence and then I confirmed it with a source.","https://www.medicalnewstoday.com/articles/318171","Blood is red in color"
"3VDI8GSXBZRB8E7KHSKNCBFXJZ68GB","3QH037L2C735EFYINNDZFLZ78H7WAX","Submit an interesting fact or myth","Please submit an interesting fact or myth, and indicate which one. If submitting a fact, please provide a source (website URL, book reference, etc). If submitting a myth, please specify if it was generated with AI.","survey","$0.06","Mon Nov 25 12:33:09 PST 2024","100","BatchId:5274683;OriginalHitTemplateId:928390912;","3600","259200","Thu Nov 28 12:33:09 PST 2024","","","3BC8WZX3VOUB2TTOMEP0RGK2SA1RRR","A2JXYECRMARED5","Approved","Mon Nov 25 23:05:39 PST 2024","Mon Nov 25 23:24:15 PST 2024","Thu Nov 28 23:24:15 PST 2024","Thu Nov 28 23:25:13 PST 2024","","","1116","100% (1/1)","100% (1/1)","0% (0/0)","true","false","false","true","Example: ""ChatGPT"" or ""Bard"".","Example source: ""https://www.ncbi.nlm.nih.gov/pmc/articles/PMC3202480/"" (for a fact about oxygen being necessary for human life).","Example: ""Humans need oxygen to survive."""
"3VDI8GSXBZRB8E7KHSKNCBFXJZ68GB","3QH037L2C735EFYINNDZFLZ78H7WAX","Submit an interesting fact or myth","Please submit an interesting fact or myth, and indicate which one. If submitting a fact, please provide a source (website URL, book reference, etc). If submitting a myth, please specify if it was generated with AI.","survey","$0.06","Mon Nov 25 12:33:09 PST 2024","100","BatchId:5274683;OriginalHitTemplateId:928390912;","3600","259200","Thu Nov 28 12:33:09 PST 2024","","","3BV8HQ2ZZHZQHT9NSF0GLV4WWJW6AX","A1YDWTCP3PV5PK","Approved","Mon Nov 25 21:19:53 PST 2024","Mon Nov 25 21:49:17 PST 2024","Thu Nov 28 21:49:17 PST 2024","Thu Nov 28 21:50:13 PST 2024","","","1764","100% (1/1)","100% (1/1)","0% (0/0)","false","true","true","false","NA","https://www.scienceworld.ca/resource/can-you-flap-and-fly/#:~:text=Humans%20are%20not%20physically%20designed,it%20easier%20to%20counteract%20gravity.","humans can fly by their Wings"
"3VDI8GSXBZRB8E7KHSKNCBFXJZ68GB","3QH037L2C735EFYINNDZFLZ78H7WAX","Submit an interesting fact or myth","Please submit an interesting fact or myth, and indicate which one. If submitting a fact, please provide a source (website URL, book reference, etc). If submitting a myth, please specify if it was generated with AI.","survey","$0.06","Mon Nov 25 12:33:09 PST 2024","100","BatchId:5274683;OriginalHitTemplateId:928390912;","3600","259200","Thu Nov 28 12:33:09 PST 2024","","","3C8HJ7UOPSST742NRNNWRKSRV4LMZR","A3QR6NSEYYNBPH","Approved","Mon Nov 25 22:04:37 PST 2024","Mon Nov 25 22:20:44 PST 2024","Thu Nov 28 22:20:44 PST 2024","Thu Nov 28 22:21:13 PST 2024","","","967","100% (1/1)","100% (1/1)","0% (0/0)","true","false","false","true","Example: ""ChatGPT"" or ""Bard"".","Example source: ""https://www.ncbi.nlm.nih.gov/pmc/articles/PMC3202480/"" (for a fact about oxygen being necessary for human life).","Example: ""Humans need oxygen to survive."""
"3VDI8GSXBZRB8E7KHSKNCBFXJZ68GB","3QH037L2C735EFYINNDZFLZ78H7WAX","Submit an interesting fact or myth","Please submit an interesting fact or myth, and indicate which one. If submitting a fact, please provide a source (website URL, book reference, etc). If submitting a myth, please specify if it was generated with AI.","survey","$0.06","Mon Nov 25 12:33:09 PST 2024","100","BatchId:5274683;OriginalHitTemplateId:928390912;","3600","259200","Thu Nov 28 12:33:09 PST 2024","","","3CCZ6YKWRSHGT6Z4VQCBXUFCU64592","A2HSX08DWDYJU7","Approved","Mon Nov 25 21:30:47 PST 2024","Mon Nov 25 21:39:58 PST 2024","Thu Nov 28 21:39:58 PST 2024","Thu Nov 28 21:40:13 PST 2024","","","551","100% (1/1)","100% (1/1)","0% (0/0)","true","false","true","false","No AI used.","https://www.sfgate.com/entertainment/article/Old-Times-Recalled-By-Simpson-Friends-Details-3331517.php","Nicole Brown Simpson's baby shower was held in the same home where the Menendez murders occurred four years later."
"3VDI8GSXBZRB8E7KHSKNCBFXJZ68GB","3QH037L2C735EFYINNDZFLZ78H7WAX","Submit an interesting fact or myth","Please submit an interesting fact or myth, and indicate which one. If submitting a fact, please provide a source (website URL, book reference, etc). If submitting a myth, please specify if it was generated with AI.","survey","$0.06","Mon Nov 25 12:33:09 PST 2024","100","BatchId:5274683;OriginalHitTemplateId:928390912;","3600","259200","Thu Nov 28 12:33:09 PST 2024","","","3CCZ6YKWRSHGT6Z4VQCBXUFCU67959","A1WQHQM1TLNU0P","Approved","Mon Nov 25 22:18:33 PST 2024","Mon Nov 25 22:36:21 PST 2024","Thu Nov 28 22:36:21 PST 2024","Thu Nov 28 22:37:13 PST 2024","","","1068","100% (1/1)","100% (1/1)","0% (0/0)","true","false","false","true","Example: ""ChatGPT"" or ""Bard"".","Example source: ""https://www.ncbi.nlm.nih.gov/pmc/articles/PMC3202480/"" (for a fact about oxygen being necessary for human life).","Example: ""Humans need oxygen to survive."""
"3VDI8GSXBZRB8E7KHSKNCBFXJZ68GB","3QH037L2C735EFYINNDZFLZ78H7WAX","Submit an interesting fact or myth","Please submit an interesting fact or myth, and indicate which one. If submitting a fact, please provide a source (website URL, book reference, etc). If submitting a myth, please specify if it was generated with AI.","survey","$0.06","Mon Nov 25 12:33:09 PST 2024","100","BatchId:5274683;OriginalHitTemplateId:928390912;","3600","259200","Thu Nov 28 12:33:09 PST 2024","","","3CFVK00FW6J7DC0RP6P6U9K7QTW6LC","A2S7ZQMAH815NP","Approved","Mon Nov 25 16:37:59 PST 2024","Mon Nov 25 16:56:55 PST 2024","Thu Nov 28 16:56:55 PST 2024","Thu Nov 28 16:57:13 PST 2024","","","1136","100% (1/1)","100% (1/1)","0% (0/0)","false","true","true","false","N/A (if it wasn't AI-generated)","The Mayo Clinic"" or a link like Mayo Clinic on hydration","Drinking eight glasses of water a day is essential for good health."""
"3VDI8GSXBZRB8E7KHSKNCBFXJZ68GB","3QH037L2C735EFYINNDZFLZ78H7WAX","Submit an interesting fact or myth","Please submit an interesting fact or myth, and indicate which one. If submitting a fact, please provide a source (website URL, book reference, etc). If submitting a myth, please specify if it was generated with AI.","survey","$0.06","Mon Nov 25 12:33:09 PST 2024","100","BatchId:5274683;OriginalHitTemplateId:928390912;","3600","259200","Thu Nov 28 12:33:09 PST 2024","","","3D3VGR7TALDJJR8MBOO49IHMMWHR3J","A2MQ97ZS524V0Z","Approved","Mon Nov 25 21:07:29 PST 2024","Mon Nov 25 21:10:51 PST 2024","Thu Nov 28 21:10:51 PST 2024","Thu Nov 28 21:11:13 PST 2024","","","202","100% (1/1)","100% (1/1)","0% (0/0)","false","true","true","false","chatGpt","https://www.medicalnewstoday.com/articles/321060","Humans only use 10% of their brains.      In reality, we use virtually all parts of our brain, even though not all regions are active at the same time. Brain imaging studies have shown that many areas of the brain have specific, important functions, such as controlling movement, processing sensory information, and enabling cognitive abilities like memory and decision-making. While some parts of the brain may be less active during certain tasks, the idea that 90% of the brain is unused is incorrect."
"3VDI8GSXBZRB8E7KHSKNCBFXJZ68GB","3QH037L2C735EFYINNDZFLZ78H7WAX","Submit an interesting fact or myth","Please submit an interesting fact or myth, and indicate which one. If submitting a fact, please provide a source (website URL, book reference, etc). If submitting a myth, please specify if it was generated with AI.","survey","$0.06","Mon Nov 25 12:33:09 PST 2024","100","BatchId:5274683;OriginalHitTemplateId:928390912;","3600","259200","Thu Nov 28 12:33:09 PST 2024","","","3DPNQGW4L6DBF4T6JEQP8SIW48C64W","A1S7CWO2TRAVD","Approved","Mon Nov 25 19:07:44 PST 2024","Mon Nov 25 19:59:26 PST 2024","Thu Nov 28 19:59:26 PST 2024","Thu Nov 28 20:00:13 PST 2024","","","3102","100% (1/1)","100% (1/1)","0% (0/0)","false","true","false","true","CHATGPT","https://nei.nih.gov","Eating carrots improves your eyesight"
"3VDI8GSXBZRB8E7KHSKNCBFXJZ68GB","3QH037L2C735EFYINNDZFLZ78H7WAX","Submit an interesting fact or myth","Please submit an interesting fact or myth, and indicate which one. If submitting a fact, please provide a source (website URL, book reference, etc). If submitting a myth, please specify if it was generated with AI.","survey","$0.06","Mon Nov 25 12:33:09 PST 2024","100","BatchId:5274683;OriginalHitTemplateId:928390912;","3600","259200","Thu Nov 28 12:33:09 PST 2024","","","3DPNQGW4L6DBF4T6JEQP8SIW49246M","AGGT7DHLPS7NO","Approved","Mon Nov 25 21:49:59 PST 2024","Mon Nov 25 21:54:04 PST 2024","Thu Nov 28 21:54:04 PST 2024","Thu Nov 28 21:54:13 PST 2024","","","245","100% (1/1)","100% (1/1)","0% (0/0)","true","false","false","true","Example: ""ChatGPT"" or ""Bard"".","xample source: ""https://www.ncbi.nlm.nih.gov/pmc/articles/PMC3202480/"" (for a fact about oxygen being necessary for human life).","Humans need oxygen to survive."
"3VDI8GSXBZRB8E7KHSKNCBFXJZ68GB","3QH037L2C735EFYINNDZFLZ78H7WAX","Submit an interesting fact or myth","Please submit an interesting fact or myth, and indicate which one. If submitting a fact, please provide a source (website URL, book reference, etc). If submitting a myth, please specify if it was generated with AI.","survey","$0.06","Mon Nov 25 12:33:09 PST 2024","100","BatchId:5274683;OriginalHitTemplateId:928390912;","3600","259200","Thu Nov 28 12:33:09 PST 2024","","","3DQQ64TAN1JVYCUV8GVH9KS4J7PPWX","A3U8W83P5R49U6","Approved","Mon Nov 25 21:24:51 PST 2024","Mon Nov 25 21:38:57 PST 2024","Thu Nov 28 21:38:57 PST 2024","Thu Nov 28 21:39:13 PST 2024","","","846","100% (1/1)","100% (1/1)","0% (0/0)","true","false","true","false","N/A","https://www.sciencefocus.com/science/fun-facts","A cloud weighs around a million tonnes"
"3VDI8GSXBZRB8E7KHSKNCBFXJZ68GB","3QH037L2C735EFYINNDZFLZ78H7WAX","Submit an interesting fact or myth","Please submit an interesting fact or myth, and indicate which one. If submitting a fact, please provide a source (website URL, book reference, etc). If submitting a myth, please specify if it was generated with AI.","survey","$0.06","Mon Nov 25 12:33:09 PST 2024","100","BatchId:5274683;OriginalHitTemplateId:928390912;","3600","259200","Thu Nov 28 12:33:09 PST 2024","","","3DZQRBDBS6DVK68ZQDO9ZSMI8W6S3A","A34I01CK9N2SZM","Approved","Mon Nov 25 18:44:03 PST 2024","Mon Nov 25 18:45:04 PST 2024","Thu Nov 28 18:45:04 PST 2024","Thu Nov 28 18:45:13 PST 2024","","","61","100% (1/1)","100% (1/1)","0% (0/0)","true","false","true","false","No AI","https://www.jcehrlich.com/blog/ants/facts-about-ants","Ants have two stomachs."
"3VDI8GSXBZRB8E7KHSKNCBFXJZ68GB","3QH037L2C735EFYINNDZFLZ78H7WAX","Submit an interesting fact or myth","Please submit an interesting fact or myth, and indicate which one. If submitting a fact, please provide a source (website URL, book reference, etc). If submitting a myth, please specify if it was generated with AI.","survey","$0.06","Mon Nov 25 12:33:09 PST 2024","100","BatchId:5274683;OriginalHitTemplateId:928390912;","3600","259200","Thu Nov 28 12:33:09 PST 2024","","","3E13VNJ1N8TAGPROYXGC7X1Y1GNI1H","A17JPXRQDH0TSU","Approved","Mon Nov 25 21:56:47 PST 2024","Mon Nov 25 22:00:43 PST 2024","Thu Nov 28 22:00:43 PST 2024","Thu Nov 28 22:01:13 PST 2024","","","236","100% (1/1)","100% (1/1)","0% (0/0)","true","false","false","true","Example: ""ChatGPT"" or ""Bard"".","Example source: ""https://www.ncbi.nlm.nih.gov/pmc/articles/PMC3202480/"" (for a fact about oxygen being necessary for human life)","Example: ""Humans need oxygen to survive."""
"3VDI8GSXBZRB8E7KHSKNCBFXJZ68GB","3QH037L2C735EFYINNDZFLZ78H7WAX","Submit an interesting fact or myth","Please submit an interesting fact or myth, and indicate which one. If submitting a fact, please provide a source (website URL, book reference, etc). If submitting a myth, please specify if it was generated with AI.","survey","$0.06","Mon Nov 25 12:33:09 PST 2024","100","BatchId:5274683;OriginalHitTemplateId:928390912;","3600","259200","Thu Nov 28 12:33:09 PST 2024","","","3EFE17QCRX3AEEFY5YDB3MNSR2USHP","A72YUM70ITEXT","Approved","Mon Nov 25 18:53:07 PST 2024","Mon Nov 25 18:55:19 PST 2024","Thu Nov 28 18:55:19 PST 2024","Thu Nov 28 18:56:13 PST 2024","","","132","100% (1/1)","100% (1/1)","0% (0/0)","true","false","true","false","NA","https://www.nimh.nih.gov/health/publications/the-teen-brain-7-things-to-know#:~:text=Although%20the%20brain%20stops%20growing,the%20last%20parts%20to%20mature.","The human brain does not stop developing until the early 20's."
"3VDI8GSXBZRB8E7KHSKNCBFXJZ68GB","3QH037L2C735EFYINNDZFLZ78H7WAX","Submit an interesting fact or myth","Please submit an interesting fact or myth, and indicate which one. If submitting a fact, please provide a source (website URL, book reference, etc). If submitting a myth, please specify if it was generated with AI.","survey","$0.06","Mon Nov 25 12:33:09 PST 2024","100","BatchId:5274683;OriginalHitTemplateId:928390912;","3600","259200","Thu Nov 28 12:33:09 PST 2024","","","3EFE17QCRX3AEEFY5YDB3MNSR3GSHD","AV26STDYFHVQ","Approved","Mon Nov 25 20:54:01 PST 2024","Mon Nov 25 20:54:56 PST 2024","Thu Nov 28 20:54:56 PST 2024","Thu Nov 28 20:55:13 PST 2024","","","55","100% (1/1)","100% (1/1)","0% (0/0)","true","false","true","false","NA","https://www.britannica.com/facts/World-War-II","About 70 million soldiers fought for the allied or axis countries."
"3VDI8GSXBZRB8E7KHSKNCBFXJZ68GB","3QH037L2C735EFYINNDZFLZ78H7WAX","Submit an interesting fact or myth","Please submit an interesting fact or myth, and indicate which one. If submitting a fact, please provide a source (website URL, book reference, etc). If submitting a myth, please specify if it was generated with AI.","survey","$0.06","Mon Nov 25 12:33:09 PST 2024","100","BatchId:5274683;OriginalHitTemplateId:928390912;","3600","259200","Thu Nov 28 12:33:09 PST 2024","","","3F0BG9B9MALAHBLVRVJOUVMZUKL7Y7","A1V2R5IO3J5XGO","Approved","Mon Nov 25 20:04:47 PST 2024","Mon Nov 25 20:41:57 PST 2024","Thu Nov 28 20:41:57 PST 2024","Thu Nov 28 20:42:13 PST 2024","","","2230","100% (1/1)","100% (1/1)","0% (0/0)","false","true","false","true","myth is  a genre of folklore consisting priimarily of narratives that play a fundamental in sociaty","books cover virtuallly any topic fact or fiction.","i like fantacy novels there is a white house around the corner"
"3VDI8GSXBZRB8E7KHSKNCBFXJZ68GB","3QH037L2C735EFYINNDZFLZ78H7WAX","Submit an interesting fact or myth","Please submit an interesting fact or myth, and indicate which one. If submitting a fact, please provide a source (website URL, book reference, etc). If submitting a myth, please specify if it was generated with AI.","survey","$0.06","Mon Nov 25 12:33:09 PST 2024","100","BatchId:5274683;OriginalHitTemplateId:928390912;","3600","259200","Thu Nov 28 12:33:09 PST 2024","","","3F0BG9B9MALAHBLVRVJOUVMZULGY7V","A2Y47YZ0HA4G98","Approved","Mon Nov 25 20:56:56 PST 2024","Mon Nov 25 21:04:42 PST 2024","Thu Nov 28 21:04:42 PST 2024","Thu Nov 28 21:05:13 PST 2024","","","466","100% (1/1)","100% (1/1)","0% (0/0)","true","false","true","false","none","https://www.onlyinyourstate.com/nature/new-jersey/native-cactus-nj","Opuntia Humifusa, (Devil's-Tongue or Eastern Prickly Pear), originally from New Jersey, is the only cactus found east of the Rockies, from Massachusetts southward to Florida and west to Minnesota and Texas."
"3VDI8GSXBZRB8E7KHSKNCBFXJZ68GB","3QH037L2C735EFYINNDZFLZ78H7WAX","Submit an interesting fact or myth","Please submit an interesting fact or myth, and indicate which one. If submitting a fact, please provide a source (website URL, book reference, etc). If submitting a myth, please specify if it was generated with AI.","survey","$0.06","Mon Nov 25 12:33:09 PST 2024","100","BatchId:5274683;OriginalHitTemplateId:928390912;","3600","259200","Thu Nov 28 12:33:09 PST 2024","","","3FK0YFF9PKEVO7RM4IZKTAY8YMLVVB","AY827B7EMP3ZO","Approved","Mon Nov 25 20:54:38 PST 2024","Mon Nov 25 20:57:29 PST 2024","Thu Nov 28 20:57:29 PST 2024","Thu Nov 28 20:58:13 PST 2024","","","171","100% (1/1)","100% (1/1)","0% (0/0)","true","false","true","false","None","https://www.goodhousekeeping.com/life/g25692093/random-trivia/?utm_source=google&utm_medium=cpc&utm_campaign=mgu_ga_ghk_m_bm_prog_org_us_g25692093&gad_source=1&gbraid=0AAAAADA2MEoJ5RE94VGbrDe3ppvTFlcKF&gclid=CjwKCAiA3ZC6BhBaEiwAeqfvykQJB3RhahbAhbmoeHhZr9c8JF3k5otnPSVHYHmzOsJWU_xvufjSCxoCr-8QAvD_BwE","The hashtag symbol is technically called an octothorpe."
"3VDI8GSXBZRB8E7KHSKNCBFXJZ68GB","3QH037L2C735EFYINNDZFLZ78H7WAX","Submit an interesting fact or myth","Please submit an interesting fact or myth, and indicate which one. If submitting a fact, please provide a source (website URL, book reference, etc). If submitting a myth, please specify if it was generated with AI.","survey","$0.06","Mon Nov 25 12:33:09 PST 2024","100","BatchId:5274683;OriginalHitTemplateId:928390912;","3600","259200","Thu Nov 28 12:33:09 PST 2024","","","3G2UL9A02YC8YRBPLCOWB426VB267I","A3M9R2UGTRKHMU","Approved","Mon Nov 25 20:20:40 PST 2024","Mon Nov 25 20:24:44 PST 2024","Thu Nov 28 20:24:44 PST 2024","Thu Nov 28 20:25:13 PST 2024","","","244","100% (1/1)","100% (1/1)","0% (0/0)","true","false","true","false","none","https://www.sciencealert.com/you-can-t-see-it-but-humans-actually-glow-in-visible-light","Humans are bioluminescent and glow. Only slightly and not enough for the human eye to see"
"3VDI8GSXBZRB8E7KHSKNCBFXJZ68GB","3QH037L2C735EFYINNDZFLZ78H7WAX","Submit an interesting fact or myth","Please submit an interesting fact or myth, and indicate which one. If submitting a fact, please provide a source (website URL, book reference, etc). If submitting a myth, please specify if it was generated with AI.","survey","$0.06","Mon Nov 25 12:33:09 PST 2024","100","BatchId:5274683;OriginalHitTemplateId:928390912;","3600","259200","Thu Nov 28 12:33:09 PST 2024","","","3GFK2QRXXUFR52CCO1M3BENNS7P5WS","A33MK95MJ5TLX3","Approved","Mon Nov 25 21:33:26 PST 2024","Mon Nov 25 21:34:03 PST 2024","Thu Nov 28 21:34:03 PST 2024","Thu Nov 28 21:34:13 PST 2024","","","37","100% (1/1)","100% (1/1)","0% (0/0)","true","false","true","false","N/A","https://www.reconnectwithnature.org/news-events/the-buzz/myth-buster-frogs-and-toad-don-t-cause-warts","Toads do not actually give you warts, like the myth claims."
"3VDI8GSXBZRB8E7KHSKNCBFXJZ68GB","3QH037L2C735EFYINNDZFLZ78H7WAX","Submit an interesting fact or myth","Please submit an interesting fact or myth, and indicate which one. If submitting a fact, please provide a source (website URL, book reference, etc). If submitting a myth, please specify if it was generated with AI.","survey","$0.06","Mon Nov 25 12:33:09 PST 2024","100","BatchId:5274683;OriginalHitTemplateId:928390912;","3600","259200","Thu Nov 28 12:33:09 PST 2024","","","3GGAI1SQEGWGZBRDZ93OGMR6MMZCMI","A1L80XZNXJK57Q","Approved","Mon Nov 25 22:04:15 PST 2024","Mon Nov 25 22:20:22 PST 2024","Thu Nov 28 22:20:22 PST 2024","Thu Nov 28 22:21:13 PST 2024","","","967","100% (1/1)","100% (1/1)","0% (0/0)","true","false","false","true","Example: ""ChatGPT"" or ""Bard"".","Example source: ""https://www.ncbi.nlm.nih.gov/pmc/articles/PMC3202480/"" (for a fact about oxygen being necessary for human life).","Example: ""Humans need oxygen to survive."""
"3VDI8GSXBZRB8E7KHSKNCBFXJZ68GB","3QH037L2C735EFYINNDZFLZ78H7WAX","Submit an interesting fact or myth","Please submit an interesting fact or myth, and indicate which one. If submitting a fact, please provide a source (website URL, book reference, etc). If submitting a myth, please specify if it was generated with AI.","survey","$0.06","Mon Nov 25 12:33:09 PST 2024","100","BatchId:5274683;OriginalHitTemplateId:928390912;","3600","259200","Thu Nov 28 12:33:09 PST 2024","","","3GNCZX4503LYRZRS7BZPRVVDRNYAPH","A2VLZDXNTGZVBR","Approved","Mon Nov 25 19:05:42 PST 2024","Mon Nov 25 19:30:52 PST 2024","Thu Nov 28 19:30:52 PST 2024","Thu Nov 28 19:31:13 PST 2024","","","1510","100% (1/1)","100% (1/1)","0% (0/0)","true","false","false","true","ChatGPT","If the sentence is classified as a fact, the user provides a source, such as a URL, book title, or other credible reference, to validate the statement.","A user enters the sentence they wish to classify into the provided field."
"3VDI8GSXBZRB8E7KHSKNCBFXJZ68GB","3QH037L2C735EFYINNDZFLZ78H7WAX","Submit an interesting fact or myth","Please submit an interesting fact or myth, and indicate which one. If submitting a fact, please provide a source (website URL, book reference, etc). If submitting a myth, please specify if it was generated with AI.","survey","$0.06","Mon Nov 25 12:33:09 PST 2024","100","BatchId:5274683;OriginalHitTemplateId:928390912;","3600","259200","Thu Nov 28 12:33:09 PST 2024","","","3HL8HNGX4QZ8V3ST12PKJ66PJ03F9G","A3FAQHVPI8OUP0","Approved","Mon Nov 25 20:37:12 PST 2024","Mon Nov 25 20:38:20 PST 2024","Thu Nov 28 20:38:20 PST 2024","Thu Nov 28 20:39:13 PST 2024","","","68","100% (1/1)","100% (1/1)","0% (0/0)","true","false","true","false","None","Biography by David McCullough.","John Adams and Thomas Jefferson both died on the same day."
"3VDI8GSXBZRB8E7KHSKNCBFXJZ68GB","3QH037L2C735EFYINNDZFLZ78H7WAX","Submit an interesting fact or myth","Please submit an interesting fact or myth, and indicate which one. If submitting a fact, please provide a source (website URL, book reference, etc). If submitting a myth, please specify if it was generated with AI.","survey","$0.06","Mon Nov 25 12:33:09 PST 2024","100","BatchId:5274683;OriginalHitTemplateId:928390912;","3600","259200","Thu Nov 28 12:33:09 PST 2024","","","3HSYG7LRB4W3SL3Y6A76PSCA2PRKKA","ALY9LCLINHN34","Approved","Mon Nov 25 19:25:34 PST 2024","Mon Nov 25 20:15:24 PST 2024","Thu Nov 28 20:15:24 PST 2024","Thu Nov 28 20:16:13 PST 2024","","","2990","100% (1/1)","100% (1/1)","0% (0/0)","true","false","false","true","ChatGPT","NASA - NASA Solar System Exploration","The Earth orbits the Sun."
"3VDI8GSXBZRB8E7KHSKNCBFXJZ68GB","3QH037L2C735EFYINNDZFLZ78H7WAX","Submit an interesting fact or myth","Please submit an interesting fact or myth, and indicate which one. If submitting a fact, please provide a source (website URL, book reference, etc). If submitting a myth, please specify if it was generated with AI.","survey","$0.06","Mon Nov 25 12:33:09 PST 2024","100","BatchId:5274683;OriginalHitTemplateId:928390912;","3600","259200","Thu Nov 28 12:33:09 PST 2024","","","3HUTX6F6VFLR1WKNFWTVWD7P5VW2O9","A23EZQCJD01EEW","Approved","Mon Nov 25 20:56:29 PST 2024","Mon Nov 25 20:58:44 PST 2024","Thu Nov 28 20:58:44 PST 2024","Thu Nov 28 20:59:13 PST 2024","","","135","100% (1/1)","100% (1/1)","0% (0/0)","true","false","true","false","not know","no source provide","no classify"
"3VDI8GSXBZRB8E7KHSKNCBFXJZ68GB","3QH037L2C735EFYINNDZFLZ78H7WAX","Submit an interesting fact or myth","Please submit an interesting fact or myth, and indicate which one. If submitting a fact, please provide a source (website URL, book reference, etc). If submitting a myth, please specify if it was generated with AI.","survey","$0.06","Mon Nov 25 12:33:09 PST 2024","100","BatchId:5274683;OriginalHitTemplateId:928390912;","3600","259200","Thu Nov 28 12:33:09 PST 2024","","","3I2PTA7R3ESP3O1TJFR3LEOJ1WZKQK","A2QNW16C0XT4ID","Approved","Mon Nov 25 20:51:28 PST 2024","Mon Nov 25 20:55:25 PST 2024","Thu Nov 28 20:55:25 PST 2024","Thu Nov 28 20:56:13 PST 2024","","","237","100% (1/1)","100% (1/1)","0% (0/0)","true","false","false","true","ChatGPT","National Institutes of Health (NIH) study on hydration.","Drinking eight glasses of water a day is essential for good health."
"3VDI8GSXBZRB8E7KHSKNCBFXJZ68GB","3QH037L2C735EFYINNDZFLZ78H7WAX","Submit an interesting fact or myth","Please submit an interesting fact or myth, and indicate which one. If submitting a fact, please provide a source (website URL, book reference, etc). If submitting a myth, please specify if it was generated with AI.","survey","$0.06","Mon Nov 25 12:33:09 PST 2024","100","BatchId:5274683;OriginalHitTemplateId:928390912;","3600","259200","Thu Nov 28 12:33:09 PST 2024","","","3IFS6Q0HJ3HAA9QIBGVW3YO7RGCISD","A4F1V0Q8CDG9I","Approved","Mon Nov 25 20:25:13 PST 2024","Mon Nov 25 20:26:31 PST 2024","Thu Nov 28 20:26:31 PST 2024","Thu Nov 28 20:27:13 PST 2024","","","78","100% (1/1)","100% (1/1)","0% (0/0)","false","true","true","false","No this was not generated by AI","https://www.ophthalmology24.com/can-gaming-affect-your-eyes#:~:text=A%20common%20misconception%20is%20gaming,irreversible%20eye%20damage%20is%20wrong.","Can playing video games damage your eyes?"
"3VDI8GSXBZRB8E7KHSKNCBFXJZ68GB","3QH037L2C735EFYINNDZFLZ78H7WAX","Submit an interesting fact or myth","Please submit an interesting fact or myth, and indicate which one. If submitting a fact, please provide a source (website URL, book reference, etc). If submitting a myth, please specify if it was generated with AI.","survey","$0.06","Mon Nov 25 12:33:09 PST 2024","100","BatchId:5274683;OriginalHitTemplateId:928390912;","3600","259200","Thu Nov 28 12:33:09 PST 2024","","","3IHR8NYAMSZJPABBYAPYES9DZENP48","A2G3OAJLN63TNY","Approved","Mon Nov 25 20:49:59 PST 2024","Mon Nov 25 20:53:14 PST 2024","Thu Nov 28 20:53:14 PST 2024","Thu Nov 28 20:54:13 PST 2024","","","195","100% (1/1)","100% (1/1)","0% (0/0)","true","false","true","false","NA","https://www.google.com/search?q=tell+me+a+scientific+fact&oq=tell+me+a+scientific+&gs_lcrp=EgZjaHJvbWUqCAgBEAAYFhgeMgYIABBFGDkyCAgBEAAYFhgeMggIAhAAGBYYHjIKCAMQABgKGBYYHjIICAQQABgWGB4yCAgFEAAYFhgeMggIBhAAGBYYHjIICAcQABgWGB4yCAgIEAAYFhgeMggICRAAGBYYHtIBCDczMzlqMGo3qAIIsAIB&sourceid=chrome&ie=UTF-8","Your DNA could stretch from the Earth to the Moon thousands of times."
"3VDI8GSXBZRB8E7KHSKNCBFXJZ68GB","3QH037L2C735EFYINNDZFLZ78H7WAX","Submit an interesting fact or myth","Please submit an interesting fact or myth, and indicate which one. If submitting a fact, please provide a source (website URL, book reference, etc). If submitting a myth, please specify if it was generated with AI.","survey","$0.06","Mon Nov 25 12:33:09 PST 2024","100","BatchId:5274683;OriginalHitTemplateId:928390912;","3600","259200","Thu Nov 28 12:33:09 PST 2024","","","3IXEICO79NHVWP8WYFRXG0UOK7XT6J","A13K6S6AZNO4U0","Approved","Mon Nov 25 19:23:32 PST 2024","Mon Nov 25 20:07:33 PST 2024","Thu Nov 28 20:07:33 PST 2024","Thu Nov 28 20:08:13 PST 2024","","","2641","100% (1/1)","100% (1/1)","0% (0/0)","false","true","true","false","CHATGPT","""National Academies of Sciences, Engineering, and Medicine (2018). Adequate daily water intake varies by individual and includes water from all sources, including food.""","""Drinking eight glasses of water a day is necessary for everyone."""
"3VDI8GSXBZRB8E7KHSKNCBFXJZ68GB","3QH037L2C735EFYINNDZFLZ78H7WAX","Submit an interesting fact or myth","Please submit an interesting fact or myth, and indicate which one. If submitting a fact, please provide a source (website URL, book reference, etc). If submitting a myth, please specify if it was generated with AI.","survey","$0.06","Mon Nov 25 12:33:09 PST 2024","100","BatchId:5274683;OriginalHitTemplateId:928390912;","3600","259200","Thu Nov 28 12:33:09 PST 2024","","","3J2UYBXQQ6AUGGB50D3NWPSJNVT065","A2ZB24AEN6N7Y3","Approved","Mon Nov 25 13:33:20 PST 2024","Mon Nov 25 13:46:16 PST 2024","Thu Nov 28 13:46:16 PST 2024","Thu Nov 28 13:47:13 PST 2024","","","776","100% (1/1)","100% (1/1)","0% (0/0)","false","true","true","false","na","https://www.psychologicalscience.org/uncategorized/myth-we-only-use-10-of-our-brains.html","We only use 10% of our brain. ."
"3VDI8GSXBZRB8E7KHSKNCBFXJZ68GB","3QH037L2C735EFYINNDZFLZ78H7WAX","Submit an interesting fact or myth","Please submit an interesting fact or myth, and indicate which one. If submitting a fact, please provide a source (website URL, book reference, etc). If submitting a myth, please specify if it was generated with AI.","survey","$0.06","Mon Nov 25 12:33:09 PST 2024","100","BatchId:5274683;OriginalHitTemplateId:928390912;","3600","259200","Thu Nov 28 12:33:09 PST 2024","","","3K2755HG5D1KYT5ADIUM52PFAL0DFD","A2AKGCCDHISUL2","Approved","Mon Nov 25 22:15:05 PST 2024","Mon Nov 25 22:20:29 PST 2024","Thu Nov 28 22:20:29 PST 2024","Thu Nov 28 22:21:13 PST 2024","","","324","100% (1/1)","100% (1/1)","0% (0/0)","true","false","false","true","Example: ""ChatGPT"" or ""Bard"".","Example source: ""https://www.ncbi.nlm.nih.gov/pmc/articles/PMC3202480/"" (for a fact about oxygen being necessary for human life).","Example: ""Humans need oxygen to survive."""
"3VDI8GSXBZRB8E7KHSKNCBFXJZ68GB","3QH037L2C735EFYINNDZFLZ78H7WAX","Submit an interesting fact or myth","Please submit an interesting fact or myth, and indicate which one. If submitting a fact, please provide a source (website URL, book reference, etc). If submitting a myth, please specify if it was generated with AI.","survey","$0.06","Mon Nov 25 12:33:09 PST 2024","100","BatchId:5274683;OriginalHitTemplateId:928390912;","3600","259200","Thu Nov 28 12:33:09 PST 2024","","","3K3R2QNK8W1XELPJWRKJ567STNZU9B","A1B2BTCGBB6IAM","Approved","Mon Nov 25 22:04:51 PST 2024","Mon Nov 25 22:21:01 PST 2024","Thu Nov 28 22:21:01 PST 2024","Thu Nov 28 22:21:13 PST 2024","","","970","100% (1/1)","100% (1/1)","0% (0/0)","true","false","false","true","Example: ""ChatGPT"" or ""Bard"".","Example source: ""https://www.ncbi.nlm.nih.gov/pmc/articles/PMC3202480/"" (for a fact about oxygen being necessary for human life).","Example: ""Humans need oxygen to survive."""
"3VDI8GSXBZRB8E7KHSKNCBFXJZ68GB","3QH037L2C735EFYINNDZFLZ78H7WAX","Submit an interesting fact or myth","Please submit an interesting fact or myth, and indicate which one. If submitting a fact, please provide a source (website URL, book reference, etc). If submitting a myth, please specify if it was generated with AI.","survey","$0.06","Mon Nov 25 12:33:09 PST 2024","100","BatchId:5274683;OriginalHitTemplateId:928390912;","3600","259200","Thu Nov 28 12:33:09 PST 2024","","","3KV0LJBBHNJK5DGWH6TJ5HQSML0MRS","AYN4S2N6QTPJC","Approved","Mon Nov 25 15:40:28 PST 2024","Mon Nov 25 15:48:42 PST 2024","Thu Nov 28 15:48:42 PST 2024","Thu Nov 28 15:49:13 PST 2024","","","494","100% (1/1)","100% (1/1)","0% (0/0)","true","false","true","false","Not applicable (It's a fact).","http://www.ncbi.nlm.nih.gov/","Drinking water can help improve concentration."
"3VDI8GSXBZRB8E7KHSKNCBFXJZ68GB","3QH037L2C735EFYINNDZFLZ78H7WAX","Submit an interesting fact or myth","Please submit an interesting fact or myth, and indicate which one. If submitting a fact, please provide a source (website URL, book reference, etc). If submitting a myth, please specify if it was generated with AI.","survey","$0.06","Mon Nov 25 12:33:09 PST 2024","100","BatchId:5274683;OriginalHitTemplateId:928390912;","3600","259200","Thu Nov 28 12:33:09 PST 2024","","","3KV0LJBBHNJK5DGWH6TJ5HQSMN2RM3","A1G082T8IGNQUT","Approved","Mon Nov 25 22:04:08 PST 2024","Mon Nov 25 22:20:11 PST 2024","Thu Nov 28 22:20:11 PST 2024","Thu Nov 28 22:20:13 PST 2024","","","963","100% (1/1)","100% (1/1)","0% (0/0)","true","false","false","true","Example: ""ChatGPT"" or ""Bard"".","Example source: ""https://www.ncbi.nlm.nih.gov/pmc/articles/PMC3202480/"" (for a fact about oxygen being necessary for human life).","Example: ""Humans need oxygen to survive."""
"3VDI8GSXBZRB8E7KHSKNCBFXJZ68GB","3QH037L2C735EFYINNDZFLZ78H7WAX","Submit an interesting fact or myth","Please submit an interesting fact or myth, and indicate which one. If submitting a fact, please provide a source (website URL, book reference, etc). If submitting a myth, please specify if it was generated with AI.","survey","$0.06","Mon Nov 25 12:33:09 PST 2024","100","BatchId:5274683;OriginalHitTemplateId:928390912;","3600","259200","Thu Nov 28 12:33:09 PST 2024","","","3L0KT67Y8ZEW095NFYHZPMIVHZXYSM","A1JMEQTE4K2G2M","Approved","Mon Nov 25 21:48:50 PST 2024","Mon Nov 25 21:51:47 PST 2024","Thu Nov 28 21:51:47 PST 2024","Thu Nov 28 21:52:13 PST 2024","","","177","100% (1/1)","100% (1/1)","0% (0/0)","true","false","false","true","Chatgpt","https://chatgpt.com/","Water boils at 100Â°C at sea level."
"3VDI8GSXBZRB8E7KHSKNCBFXJZ68GB","3QH037L2C735EFYINNDZFLZ78H7WAX","Submit an interesting fact or myth","Please submit an interesting fact or myth, and indicate which one. If submitting a fact, please provide a source (website URL, book reference, etc). If submitting a myth, please specify if it was generated with AI.","survey","$0.06","Mon Nov 25 12:33:09 PST 2024","100","BatchId:5274683;OriginalHitTemplateId:928390912;","3600","259200","Thu Nov 28 12:33:09 PST 2024","","","3LKC68YZ3V1DDCIUTGI2KKNE92SOWE","A3LWVVYR318M0C","Approved","Mon Nov 25 21:08:36 PST 2024","Mon Nov 25 21:09:11 PST 2024","Thu Nov 28 21:09:11 PST 2024","Thu Nov 28 21:09:13 PST 2024","","","35","100% (1/1)","100% (1/1)","0% (0/0)","true","false","true","false","not ai generated","Wikipedia","John Adams was the second president of the USA."
"3VDI8GSXBZRB8E7KHSKNCBFXJZ68GB","3QH037L2C735EFYINNDZFLZ78H7WAX","Submit an interesting fact or myth","Please submit an interesting fact or myth, and indicate which one. If submitting a fact, please provide a source (website URL, book reference, etc). If submitting a myth, please specify if it was generated with AI.","survey","$0.06","Mon Nov 25 12:33:09 PST 2024","100","BatchId:5274683;OriginalHitTemplateId:928390912;","3600","259200","Thu Nov 28 12:33:09 PST 2024","","","3LKC68YZ3V1DDCIUTGI2KKNE92VOWH","AHX4W473FN5US","Approved","Mon Nov 25 21:56:22 PST 2024","Mon Nov 25 21:59:35 PST 2024","Thu Nov 28 21:59:35 PST 2024","Thu Nov 28 22:00:13 PST 2024","","","193","100% (1/1)","100% (1/1)","0% (0/0)","true","false","false","true","Example: ""ChatGPT"" or ""Bard"".","Example source: ""https://www.ncbi.nlm.nih.gov/pmc/articles/PMC3202480/"" (for a fact about oxygen being necessary for human life).","Example: ""Humans need oxygen to survive."""
"3VDI8GSXBZRB8E7KHSKNCBFXJZ68GB","3QH037L2C735EFYINNDZFLZ78H7WAX","Submit an interesting fact or myth","Please submit an interesting fact or myth, and indicate which one. If submitting a fact, please provide a source (website URL, book reference, etc). If submitting a myth, please specify if it was generated with AI.","survey","$0.06","Mon Nov 25 12:33:09 PST 2024","100","BatchId:5274683;OriginalHitTemplateId:928390912;","3600","259200","Thu Nov 28 12:33:09 PST 2024","","","3M1CVSFP6L3JRBS77OEER0LNWK8QAE","A24J5QLSYF9TMB","Approved","Mon Nov 25 21:26:19 PST 2024","Mon Nov 25 21:27:52 PST 2024","Thu Nov 28 21:27:52 PST 2024","Thu Nov 28 21:28:13 PST 2024","","","93","100% (1/1)","100% (1/1)","0% (0/0)","true","false","true","false","chatgpt","https://www.lovetoknow.com/life/work-life/top-ten-modeling-agencies","top model company"
"3VDI8GSXBZRB8E7KHSKNCBFXJZ68GB","3QH037L2C735EFYINNDZFLZ78H7WAX","Submit an interesting fact or myth","Please submit an interesting fact or myth, and indicate which one. If submitting a fact, please provide a source (website URL, book reference, etc). If submitting a myth, please specify if it was generated with AI.","survey","$0.06","Mon Nov 25 12:33:09 PST 2024","100","BatchId:5274683;OriginalHitTemplateId:928390912;","3600","259200","Thu Nov 28 12:33:09 PST 2024","","","3MRNMEIQWQ46YLF6ZTXK0FUZ7GDLDF","A1BYJGD9YRWJ96","Approved","Mon Nov 25 19:54:13 PST 2024","Mon Nov 25 20:16:19 PST 2024","Thu Nov 28 20:16:19 PST 2024","Thu Nov 28 20:17:13 PST 2024","","","1326","100% (1/1)","100% (1/1)","0% (0/0)","false","true","true","false","N/A","National Institutes of Health (NIH) or Mayo Clinic (studies suggest moderate coffee consumption does not significantly dehydrate you).","Drinking coffee dehydrates you."
"3VDI8GSXBZRB8E7KHSKNCBFXJZ68GB","3QH037L2C735EFYINNDZFLZ78H7WAX","Submit an interesting fact or myth","Please submit an interesting fact or myth, and indicate which one. If submitting a fact, please provide a source (website URL, book reference, etc). If submitting a myth, please specify if it was generated with AI.","survey","$0.06","Mon Nov 25 12:33:09 PST 2024","100","BatchId:5274683;OriginalHitTemplateId:928390912;","3600","259200","Thu Nov 28 12:33:09 PST 2024","","","3N2BF7Y2VBS7GJ2TL1HPRDOMZE3MH0","A23VZ3RBR77CTR","Approved","Mon Nov 25 21:56:41 PST 2024","Mon Nov 25 22:00:10 PST 2024","Thu Nov 28 22:00:10 PST 2024","Thu Nov 28 22:00:13 PST 2024","","","209","100% (1/1)","100% (1/1)","0% (0/0)","true","false","false","true","Example: ""ChatGPT"" or ""Bard"".","Example source: ""https://www.ncbi.nlm.nih.gov/pmc/articles/PMC3202480/"" (for a fact about oxygen being necessary for human life).","Example: ""Humans need oxygen to survive."""
"3VDI8GSXBZRB8E7KHSKNCBFXJZ68GB","3QH037L2C735EFYINNDZFLZ78H7WAX","Submit an interesting fact or myth","Please submit an interesting fact or myth, and indicate which one. If submitting a fact, please provide a source (website URL, book reference, etc). If submitting a myth, please specify if it was generated with AI.","survey","$0.06","Mon Nov 25 12:33:09 PST 2024","100","BatchId:5274683;OriginalHitTemplateId:928390912;","3600","259200","Thu Nov 28 12:33:09 PST 2024","","","3NPI0JQDA9336VQ1DBQ6M0L5FCEPTC","A2XMT6AFEJ41SK","Approved","Mon Nov 25 20:14:00 PST 2024","Mon Nov 25 20:15:24 PST 2024","Thu Nov 28 20:15:24 PST 2024","Thu Nov 28 20:16:13 PST 2024","","","84","100% (1/1)","100% (1/1)","0% (0/0)","false","true","true","false","N/A","N/A","Homes in Canada have specific rooms for pet pandas and crocodiles."
"3VDI8GSXBZRB8E7KHSKNCBFXJZ68GB","3QH037L2C735EFYINNDZFLZ78H7WAX","Submit an interesting fact or myth","Please submit an interesting fact or myth, and indicate which one. If submitting a fact, please provide a source (website URL, book reference, etc). If submitting a myth, please specify if it was generated with AI.","survey","$0.06","Mon Nov 25 12:33:09 PST 2024","100","BatchId:5274683;OriginalHitTemplateId:928390912;","3600","259200","Thu Nov 28 12:33:09 PST 2024","","","3O6CYIULEYZ8QH2RP2UBJQF3RNVWUC","A2KDAMD5LF5QIB","Approved","Mon Nov 25 19:20:39 PST 2024","Mon Nov 25 19:22:46 PST 2024","Thu Nov 28 19:22:46 PST 2024","Thu Nov 28 19:23:13 PST 2024","","","127","100% (1/1)","100% (1/1)","0% (0/0)","false","true","true","false","Not ai","No source","The jersey devil patrols the marsh lands of southern NJ"
"3VDI8GSXBZRB8E7KHSKNCBFXJZ68GB","3QH037L2C735EFYINNDZFLZ78H7WAX","Submit an interesting fact or myth","Please submit an interesting fact or myth, and indicate which one. If submitting a fact, please provide a source (website URL, book reference, etc). If submitting a myth, please specify if it was generated with AI.","survey","$0.06","Mon Nov 25 12:33:09 PST 2024","100","BatchId:5274683;OriginalHitTemplateId:928390912;","3600","259200","Thu Nov 28 12:33:09 PST 2024","","","3OLQQLKKNDN5V156S3WRQIZS339JE4","A3PK9A8F3DFYHB","Approved","Mon Nov 25 19:54:38 PST 2024","Mon Nov 25 20:21:27 PST 2024","Thu Nov 28 20:21:27 PST 2024","Thu Nov 28 20:22:13 PST 2024","","","1609","100% (1/1)","100% (1/1)","0% (0/0)","false","true","true","false","N/A","The truth about carrots and vision"" (Mayo Clinic or National Eye Institute). While carrots are a healthy food, they do not significantly improve eyesight beyond their general health benefits.","Eating carrots improves your eyesight."
"3VDI8GSXBZRB8E7KHSKNCBFXJZ68GB","3QH037L2C735EFYINNDZFLZ78H7WAX","Submit an interesting fact or myth","Please submit an interesting fact or myth, and indicate which one. If submitting a fact, please provide a source (website URL, book reference, etc). If submitting a myth, please specify if it was generated with AI.","survey","$0.06","Mon Nov 25 12:33:09 PST 2024","100","BatchId:5274683;OriginalHitTemplateId:928390912;","3600","259200","Thu Nov 28 12:33:09 PST 2024","","","3OS4RQUCRUDRJW7QZM3GAC1F70NFB7","A190LQRF0ZTEH8","Approved","Mon Nov 25 22:03:27 PST 2024","Mon Nov 25 22:10:15 PST 2024","Thu Nov 28 22:10:15 PST 2024","Thu Nov 28 22:11:13 PST 2024","","","408","100% (1/1)","100% (1/1)","0% (0/0)","true","false","false","true","Example: ""ChatGPT"" or ""Bard"".","Example source: ""https://www.ncbi.nlm.nih.gov/pmc/articles/PMC3202480/"" (for a fact about oxygen being necessary for human life).","Example: ""Humans need oxygen to survive."""
"3VDI8GSXBZRB8E7KHSKNCBFXJZ68GB","3QH037L2C735EFYINNDZFLZ78H7WAX","Submit an interesting fact or myth","Please submit an interesting fact or myth, and indicate which one. If submitting a fact, please provide a source (website URL, book reference, etc). If submitting a myth, please specify if it was generated with AI.","survey","$0.06","Mon Nov 25 12:33:09 PST 2024","100","BatchId:5274683;OriginalHitTemplateId:928390912;","3600","259200","Thu Nov 28 12:33:09 PST 2024","","","3PEIJLRY6ER07LWMU75Y3XE7L59XW2","AWN56ESLQ2616","Approved","Mon Nov 25 19:59:16 PST 2024","Mon Nov 25 20:07:24 PST 2024","Thu Nov 28 20:07:24 PST 2024","Thu Nov 28 20:08:13 PST 2024","","","488","100% (1/1)","100% (1/1)","0% (0/0)","false","true","true","false","N/A","Medical and health websites like Mayo Clinic and WebMD confirm that drinking cold water does not cause the body to freeze or result in any dangerous physical reaction.","Drinking cold water can cause your body to freeze"
"3VDI8GSXBZRB8E7KHSKNCBFXJZ68GB","3QH037L2C735EFYINNDZFLZ78H7WAX","Submit an interesting fact or myth","Please submit an interesting fact or myth, and indicate which one. If submitting a fact, please provide a source (website URL, book reference, etc). If submitting a myth, please specify if it was generated with AI.","survey","$0.06","Mon Nov 25 12:33:09 PST 2024","100","BatchId:5274683;OriginalHitTemplateId:928390912;","3600","259200","Thu Nov 28 12:33:09 PST 2024","","","3QUO65DNQFM0L8TPYG312W2HOMGUOK","A31FIZJ917LVFQ","Approved","Mon Nov 25 21:02:16 PST 2024","Mon Nov 25 21:03:18 PST 2024","Thu Nov 28 21:03:18 PST 2024","Thu Nov 28 21:04:13 PST 2024","","","62","100% (1/1)","100% (1/1)","0% (0/0)","true","false","true","false","n?a","Wikipedia","A spider has eight legs."
"3VDI8GSXBZRB8E7KHSKNCBFXJZ68GB","3QH037L2C735EFYINNDZFLZ78H7WAX","Submit an interesting fact or myth","Please submit an interesting fact or myth, and indicate which one. If submitting a fact, please provide a source (website URL, book reference, etc). If submitting a myth, please specify if it was generated with AI.","survey","$0.06","Mon Nov 25 12:33:09 PST 2024","100","BatchId:5274683;OriginalHitTemplateId:928390912;","3600","259200","Thu Nov 28 12:33:09 PST 2024","","","3QY7M81QHSKFX6WENGIXLN7OW537K3","A3CMLI63E69NTJ","Approved","Mon Nov 25 20:50:25 PST 2024","Mon Nov 25 20:53:20 PST 2024","Thu Nov 28 20:53:20 PST 2024","Thu Nov 28 20:54:13 PST 2024","","","175","100% (1/1)","100% (1/1)","0% (0/0)","false","true","true","false","It was not AI generated","https://restonic.com/es/blog-es/eating-bed-nightmares-2346","Consuming food before sleep gives you bad dreams"
"3VDI8GSXBZRB8E7KHSKNCBFXJZ68GB","3QH037L2C735EFYINNDZFLZ78H7WAX","Submit an interesting fact or myth","Please submit an interesting fact or myth, and indicate which one. If submitting a fact, please provide a source (website URL, book reference, etc). If submitting a myth, please specify if it was generated with AI.","survey","$0.06","Mon Nov 25 12:33:09 PST 2024","100","BatchId:5274683;OriginalHitTemplateId:928390912;","3600","259200","Thu Nov 28 12:33:09 PST 2024","","","3R08VXYT7XT6S6QVCU109Y1JJCW7WJ","A2MZ6PIFV1BKGH","Approved","Mon Nov 25 19:17:59 PST 2024","Mon Nov 25 20:14:15 PST 2024","Thu Nov 28 20:14:15 PST 2024","Thu Nov 28 20:15:13 PST 2024","","","3376","100% (1/1)","100% (1/1)","0% (0/0)","true","false","false","true","ChatGPT","NASA - NASA Solar System Exploration","The Earth orbits the Sun."
"3VDI8GSXBZRB8E7KHSKNCBFXJZ68GB","3QH037L2C735EFYINNDZFLZ78H7WAX","Submit an interesting fact or myth","Please submit an interesting fact or myth, and indicate which one. If submitting a fact, please provide a source (website URL, book reference, etc). If submitting a myth, please specify if it was generated with AI.","survey","$0.06","Mon Nov 25 12:33:09 PST 2024","100","BatchId:5274683;OriginalHitTemplateId:928390912;","3600","259200","Thu Nov 28 12:33:09 PST 2024","","","3R0T90IZ1DAG71VRO65T3H79QZVGCK","A1J61YRI46I1HG","Approved","Mon Nov 25 20:55:08 PST 2024","Mon Nov 25 20:56:37 PST 2024","Thu Nov 28 20:56:37 PST 2024","Thu Nov 28 20:57:13 PST 2024","","","89","100% (1/1)","100% (1/1)","0% (0/0)","true","false","true","false","Not AI","https://www.invasive.org/alien/pubs/midatlantic/bamboos.htm","Bamboo is an invasive species to North America."
"3VDI8GSXBZRB8E7KHSKNCBFXJZ68GB","3QH037L2C735EFYINNDZFLZ78H7WAX","Submit an interesting fact or myth","Please submit an interesting fact or myth, and indicate which one. If submitting a fact, please provide a source (website URL, book reference, etc). If submitting a myth, please specify if it was generated with AI.","survey","$0.06","Mon Nov 25 12:33:09 PST 2024","100","BatchId:5274683;OriginalHitTemplateId:928390912;","3600","259200","Thu Nov 28 12:33:09 PST 2024","","","3R2PKQ87NH67CEDDRJZARPP1ZRJMIU","A1HHF3CTTUY6W1","Approved","Mon Nov 25 22:02:14 PST 2024","Mon Nov 25 22:11:26 PST 2024","Thu Nov 28 22:11:26 PST 2024","Thu Nov 28 22:12:13 PST 2024","","","552","100% (1/1)","100% (1/1)","0% (0/0)","true","false","false","true","Example: ""ChatGPT"" or ""Bard"".","Example source: ""https://www.ncbi.nlm.nih.gov/pmc/articles/PMC3202480/"" (for a fact about oxygen being necessary for human life).","Example: ""Humans need oxygen to survive."""
"3VDI8GSXBZRB8E7KHSKNCBFXJZ68GB","3QH037L2C735EFYINNDZFLZ78H7WAX","Submit an interesting fact or myth","Please submit an interesting fact or myth, and indicate which one. If submitting a fact, please provide a source (website URL, book reference, etc). If submitting a myth, please specify if it was generated with AI.","survey","$0.06","Mon Nov 25 12:33:09 PST 2024","100","BatchId:5274683;OriginalHitTemplateId:928390912;","3600","259200","Thu Nov 28 12:33:09 PST 2024","","","3R3YRB5GR01BJ4ZOOXYJ11ICZ5BUAK","A2ECHY8E6SX7KP","Approved","Mon Nov 25 20:49:42 PST 2024","Mon Nov 25 20:53:29 PST 2024","Thu Nov 28 20:53:29 PST 2024","Thu Nov 28 20:54:13 PST 2024","","","227","100% (1/1)","100% (1/1)","0% (0/0)","false","true","false","true","Gemini","no..it's a myth","The Earth is flat."
"3VDI8GSXBZRB8E7KHSKNCBFXJZ68GB","3QH037L2C735EFYINNDZFLZ78H7WAX","Submit an interesting fact or myth","Please submit an interesting fact or myth, and indicate which one. If submitting a fact, please provide a source (website URL, book reference, etc). If submitting a myth, please specify if it was generated with AI.","survey","$0.06","Mon Nov 25 12:33:09 PST 2024","100","BatchId:5274683;OriginalHitTemplateId:928390912;","3600","259200","Thu Nov 28 12:33:09 PST 2024","","","3RGU30DZTV637PXJ91KA3Q41C68MJ6","A3QZMGTVA4VO44","Approved","Mon Nov 25 22:02:40 PST 2024","Mon Nov 25 22:13:42 PST 2024","Thu Nov 28 22:13:42 PST 2024","Thu Nov 28 22:14:13 PST 2024","","","662","100% (1/1)","100% (1/1)","0% (0/0)","false","true","false","true","ChatGPT","https://en.wikipedia.org/wiki/Alien_invasion#:~:text=Alien%20invasion%20or%20space%20invasion,or%20destroy%20the%20planet%20altogether.","Invasion of alien in earth."
"3VDI8GSXBZRB8E7KHSKNCBFXJZ68GB","3QH037L2C735EFYINNDZFLZ78H7WAX","Submit an interesting fact or myth","Please submit an interesting fact or myth, and indicate which one. If submitting a fact, please provide a source (website URL, book reference, etc). If submitting a myth, please specify if it was generated with AI.","survey","$0.06","Mon Nov 25 12:33:09 PST 2024","100","BatchId:5274683;OriginalHitTemplateId:928390912;","3600","259200","Thu Nov 28 12:33:09 PST 2024","","","3RRCEFRB77AHLGA1F57XJ84OI9M4BE","A3L7YDRCOO0DD8","Approved","Mon Nov 25 18:39:32 PST 2024","Mon Nov 25 18:44:38 PST 2024","Thu Nov 28 18:44:38 PST 2024","Thu Nov 28 18:45:13 PST 2024","","","306","100% (1/1)","100% (1/1)","0% (0/0)","false","true","false","true","chatgpt","university of rochester medical center","Drinking eight glasses of water a day is necessary for everyone to stay healthy"
"3VDI8GSXBZRB8E7KHSKNCBFXJZ68GB","3QH037L2C735EFYINNDZFLZ78H7WAX","Submit an interesting fact or myth","Please submit an interesting fact or myth, and indicate which one. If submitting a fact, please provide a source (website URL, book reference, etc). If submitting a myth, please specify if it was generated with AI.","survey","$0.06","Mon Nov 25 12:33:09 PST 2024","100","BatchId:5274683;OriginalHitTemplateId:928390912;","3600","259200","Thu Nov 28 12:33:09 PST 2024","","","3RU7GD8VP9R2RVDMOBLGCVPJDU3PSS","A36F8PDK1DMAN1","Approved","Mon Nov 25 20:18:12 PST 2024","Mon Nov 25 20:20:02 PST 2024","Thu Nov 28 20:20:02 PST 2024","Thu Nov 28 20:20:13 PST 2024","","","110","100% (1/1)","100% (1/1)","0% (0/0)","true","false","true","false","not AI","https://www.birdspot.co.uk/bird-brain/do-birds-blink","Birds blink with a third eyelid"
"3VDI8GSXBZRB8E7KHSKNCBFXJZ68GB","3QH037L2C735EFYINNDZFLZ78H7WAX","Submit an interesting fact or myth","Please submit an interesting fact or myth, and indicate which one. If submitting a fact, please provide a source (website URL, book reference, etc). If submitting a myth, please specify if it was generated with AI.","survey","$0.06","Mon Nov 25 12:33:09 PST 2024","100","BatchId:5274683;OriginalHitTemplateId:928390912;","3600","259200","Thu Nov 28 12:33:09 PST 2024","","","3SB4CE2TJGT308TJT296L8HGTM7AX5","AXWYNC9UVOUY8","Approved","Mon Nov 25 19:08:25 PST 2024","Mon Nov 25 20:01:00 PST 2024","Thu Nov 28 20:01:00 PST 2024","Thu Nov 28 20:01:13 PST 2024","","","3155","100% (1/1)","100% (1/1)","0% (0/0)","false","true","false","true","CHATGPT","https://nei.nih.gov","Eating carrots improves your eyesight"
"3VDI8GSXBZRB8E7KHSKNCBFXJZ68GB","3QH037L2C735EFYINNDZFLZ78H7WAX","Submit an interesting fact or myth","Please submit an interesting fact or myth, and indicate which one. If submitting a fact, please provide a source (website URL, book reference, etc). If submitting a myth, please specify if it was generated with AI.","survey","$0.06","Mon Nov 25 12:33:09 PST 2024","100","BatchId:5274683;OriginalHitTemplateId:928390912;","3600","259200","Thu Nov 28 12:33:09 PST 2024","","","3T111IHZ5ZO5YTX2SXPE0VK8MOF9R6","A1A8MD6PVKGPKE","Approved","Mon Nov 25 20:35:33 PST 2024","Mon Nov 25 20:38:42 PST 2024","Thu Nov 28 20:38:42 PST 2024","Thu Nov 28 20:39:13 PST 2024","","","189","100% (1/1)","100% (1/1)","0% (0/0)","true","false","true","false","This information is available on Google","https://www.thecollector.com/why-is-the-taj-mahal-a-world-wonder/","The Taj Mahal is considered one of the modern day Seven Wonders of the World."
"3VDI8GSXBZRB8E7KHSKNCBFXJZ68GB","3QH037L2C735EFYINNDZFLZ78H7WAX","Submit an interesting fact or myth","Please submit an interesting fact or myth, and indicate which one. If submitting a fact, please provide a source (website URL, book reference, etc). If submitting a myth, please specify if it was generated with AI.","survey","$0.06","Mon Nov 25 12:33:09 PST 2024","100","BatchId:5274683;OriginalHitTemplateId:928390912;","3600","259200","Thu Nov 28 12:33:09 PST 2024","","","3TMSXRD2XRYSHKBTNEKR8OA6GR0W1H","A122NAVO5VO8AN","Approved","Mon Nov 25 20:29:19 PST 2024","Mon Nov 25 20:30:12 PST 2024","Thu Nov 28 20:30:12 PST 2024","Thu Nov 28 20:30:13 PST 2024","","","53","100% (1/1)","100% (1/1)","0% (0/0)","true","false","true","false","N/a","Original concept","Society is without remorse against offense."
"3VDI8GSXBZRB8E7KHSKNCBFXJZ68GB","3QH037L2C735EFYINNDZFLZ78H7WAX","Submit an interesting fact or myth","Please submit an interesting fact or myth, and indicate which one. If submitting a fact, please provide a source (website URL, book reference, etc). If submitting a myth, please specify if it was generated with AI.","survey","$0.06","Mon Nov 25 12:33:09 PST 2024","100","BatchId:5274683;OriginalHitTemplateId:928390912;","3600","259200","Thu Nov 28 12:33:09 PST 2024","","","3TU5ZICBRYZ58NZSAQU0V9FS6UZ8QF","AVOXT4TIL0AIY","Approved","Mon Nov 25 15:41:51 PST 2024","Mon Nov 25 15:46:58 PST 2024","Thu Nov 28 15:46:58 PST 2024","Thu Nov 28 15:47:13 PST 2024","","","307","100% (1/1)","100% (1/1)","0% (0/0)","false","true","true","false","No","http://www.nasa.gov/topics/journey-to-mars/living-on-mars","Humans can survive on Mars without a spacesuit"
"3VDI8GSXBZRB8E7KHSKNCBFXJZ68GB","3QH037L2C735EFYINNDZFLZ78H7WAX","Submit an interesting fact or myth","Please submit an interesting fact or myth, and indicate which one. If submitting a fact, please provide a source (website URL, book reference, etc). If submitting a myth, please specify if it was generated with AI.","survey","$0.06","Mon Nov 25 12:33:09 PST 2024","100","BatchId:5274683;OriginalHitTemplateId:928390912;","3600","259200","Thu Nov 28 12:33:09 PST 2024","","","3TXD01ZLDPFWHFJ7FWOSOYWC7UWU4O","A2FQYXUQ7F8IKK","Approved","Mon Nov 25 19:20:43 PST 2024","Mon Nov 25 19:25:37 PST 2024","Thu Nov 28 19:25:37 PST 2024","Thu Nov 28 19:26:13 PST 2024","","","294","100% (1/1)","100% (1/1)","0% (0/0)","true","false","true","false","Na","https://wildlifesos.org/chronological-news/8-fascinating-facts-about-an-elephants-trunk/","An elephant's trunk has 40000 muscles."
"3VDI8GSXBZRB8E7KHSKNCBFXJZ68GB","3QH037L2C735EFYINNDZFLZ78H7WAX","Submit an interesting fact or myth","Please submit an interesting fact or myth, and indicate which one. If submitting a fact, please provide a source (website URL, book reference, etc). If submitting a myth, please specify if it was generated with AI.","survey","$0.06","Mon Nov 25 12:33:09 PST 2024","100","BatchId:5274683;OriginalHitTemplateId:928390912;","3600","259200","Thu Nov 28 12:33:09 PST 2024","","","3UN61F00HHNMX6VQP7CXOFF60S95RO","AO70MAT1C1VB2","Approved","Mon Nov 25 23:17:25 PST 2024","Tue Nov 26 00:15:21 PST 2024","Fri Nov 29 00:15:21 PST 2024","Fri Nov 29 00:16:13 PST 2024","","","3476","100% (1/1)","100% (1/1)","100% (1/1)","true","false","false","true","https://myth-ai.com/","https://mythopia.quora.com/What-is-the-difference-between-a-fact-and-a-myth","None of my friends liked the movie I did not see it"
"3VDI8GSXBZRB8E7KHSKNCBFXJZ68GB","3QH037L2C735EFYINNDZFLZ78H7WAX","Submit an interesting fact or myth","Please submit an interesting fact or myth, and indicate which one. If submitting a fact, please provide a source (website URL, book reference, etc). If submitting a myth, please specify if it was generated with AI.","survey","$0.06","Mon Nov 25 12:33:09 PST 2024","100","BatchId:5274683;OriginalHitTemplateId:928390912;","3600","259200","Thu Nov 28 12:33:09 PST 2024","","","3WETL7AQWE6UE4AOEHB16HCQUD435R","A28MLQ9WYYKIF2","Approved","Mon Nov 25 18:44:42 PST 2024","Mon Nov 25 18:45:17 PST 2024","Thu Nov 28 18:45:17 PST 2024","Thu Nov 28 18:46:13 PST 2024","","","35","100% (1/1)","100% (1/1)","0% (0/0)","true","false","true","false","N/A","https://giraffeconservation.org/facts/fascinating-giraffe-facts/#:~:text=To%20protect%20the%20giraffe%E2%80%99s%20brain%20from%20sudden%20changes,the%20brain%20when%20the%20giraffe%E2%80%99s%20head%20is%20lowered.","To protect the giraffeâ€™s brain from sudden changes in blood pressure when it drinks, the jugular veins have incredibly elastic walls and large one-way valves that allow the veins to expand significantly and prevent the blood from flowing back to the brain when the giraffeâ€™s head is lowered."
"3VDI8GSXBZRB8E7KHSKNCBFXJZ68GB","3QH037L2C735EFYINNDZFLZ78H7WAX","Submit an interesting fact or myth","Please submit an interesting fact or myth, and indicate which one. If submitting a fact, please provide a source (website URL, book reference, etc). If submitting a myth, please specify if it was generated with AI.","survey","$0.06","Mon Nov 25 12:33:09 PST 2024","100","BatchId:5274683;OriginalHitTemplateId:928390912;","3600","259200","Thu Nov 28 12:33:09 PST 2024","","","3WI0P0II6MQH1JAJ4DUGMR3YD94RDF","A1SMKHKMXWYIMW","Approved","Mon Nov 25 20:49:57 PST 2024","Mon Nov 25 20:53:10 PST 2024","Thu Nov 28 20:53:10 PST 2024","Thu Nov 28 20:53:13 PST 2024","","","193","100% (1/1)","100% (1/1)","0% (0/0)","false","true","true","false","none","none","The dark side of the moon is still in the dark."
"3VDI8GSXBZRB8E7KHSKNCBFXJZ68GB","3QH037L2C735EFYINNDZFLZ78H7WAX","Submit an interesting fact or myth","Please submit an interesting fact or myth, and indicate which one. If submitting a fact, please provide a source (website URL, book reference, etc). If submitting a myth, please specify if it was generated with AI.","survey","$0.06","Mon Nov 25 12:33:09 PST 2024","100","BatchId:5274683;OriginalHitTemplateId:928390912;","3600","259200","Thu Nov 28 12:33:09 PST 2024","","","3WJEQKOXAT0VA78QM9OZQZDFO7RA1C","A7GC6MQD9HBLO","Approved","Mon Nov 25 18:43:40 PST 2024","Mon Nov 25 18:47:27 PST 2024","Thu Nov 28 18:47:27 PST 2024","Thu Nov 28 18:48:13 PST 2024","","","227","100% (1/1)","100% (1/1)","0% (0/0)","true","false","true","false","n/a","https://www.arrowexterminators.com/learning-center/pest-library/spiders/brown-recluse-spiders#:~:text=Female%20brown%20recluses%20mate%20just,year%20to%20grow%20to%20adulthood.","Female brown recluse spiders only need to be inseminated one time to have multiple hatchings."
"3VDI8GSXBZRB8E7KHSKNCBFXJZ68GB","3QH037L2C735EFYINNDZFLZ78H7WAX","Submit an interesting fact or myth","Please submit an interesting fact or myth, and indicate which one. If submitting a fact, please provide a source (website URL, book reference, etc). If submitting a myth, please specify if it was generated with AI.","survey","$0.06","Mon Nov 25 12:33:09 PST 2024","100","BatchId:5274683;OriginalHitTemplateId:928390912;","3600","259200","Thu Nov 28 12:33:09 PST 2024","","","3WYGZ5XF3HD1G4G6BJG8GE3KJIDKSY","A3BWZ6V34W8SXX","Approved","Mon Nov 25 16:36:38 PST 2024","Mon Nov 25 16:43:19 PST 2024","Thu Nov 28 16:43:19 PST 2024","Thu Nov 28 16:44:13 PST 2024","","","401","100% (1/1)","100% (1/1)","0% (0/0)","false","true","true","false","n/a","Presidential Anecdotes by Paul F. Boller Jr.","George Washington chopped down his father's cherry tree."
"3VDI8GSXBZRB8E7KHSKNCBFXJZ68GB","3QH037L2C735EFYINNDZFLZ78H7WAX","Submit an interesting fact or myth","Please submit an interesting fact or myth, and indicate which one. If submitting a fact, please provide a source (website URL, book reference, etc). If submitting a myth, please specify if it was generated with AI.","survey","$0.06","Mon Nov 25 12:33:09 PST 2024","100","BatchId:5274683;OriginalHitTemplateId:928390912;","3600","259200","Thu Nov 28 12:33:09 PST 2024","","","3WYP994K1SPRDB7Q8LEWOHM3Z96Y64","A1CQDLI6UA2IW4","Approved","Mon Nov 25 20:14:29 PST 2024","Mon Nov 25 20:16:19 PST 2024","Thu Nov 28 20:16:19 PST 2024","Thu Nov 28 20:17:13 PST 2024","","","110","100% (1/1)","100% (1/1)","0% (0/0)","false","true","true","false","na","skanda purana book","Lord Vishnu resides in the Peepal tree."
"3VDI8GSXBZRB8E7KHSKNCBFXJZ68GB","3QH037L2C735EFYINNDZFLZ78H7WAX","Submit an interesting fact or myth","Please submit an interesting fact or myth, and indicate which one. If submitting a fact, please provide a source (website URL, book reference, etc). If submitting a myth, please specify if it was generated with AI.","survey","$0.06","Mon Nov 25 12:33:09 PST 2024","100","BatchId:5274683;OriginalHitTemplateId:928390912;","3600","259200","Thu Nov 28 12:33:09 PST 2024","","","3XCC1ODXD69BQSEO9Z00MQAXWOWRQN","AHG7NKC7ET3S4","Approved","Mon Nov 25 21:23:13 PST 2024","Mon Nov 25 21:27:11 PST 2024","Thu Nov 28 21:27:11 PST 2024","Thu Nov 28 21:27:13 PST 2024","","","238","100% (1/1)","100% (1/1)","0% (0/0)","true","false","true","false","N/A","https://www.census.gov/quickfacts/fact/table/US/PST045221","The estimated population of the United States of America is 334,914,895 as of July 1st, 2023."
"3VDI8GSXBZRB8E7KHSKNCBFXJZ68GB","3QH037L2C735EFYINNDZFLZ78H7WAX","Submit an interesting fact or myth","Please submit an interesting fact or myth, and indicate which one. If submitting a fact, please provide a source (website URL, book reference, etc). If submitting a myth, please specify if it was generated with AI.","survey","$0.06","Mon Nov 25 12:33:09 PST 2024","100","BatchId:5274683;OriginalHitTemplateId:928390912;","3600","259200","Thu Nov 28 12:33:09 PST 2024","","","3XXU1SWE87TV3IN8QQKZCUU5JFM0A0","A1KH62H92N4L13","Approved","Mon Nov 25 19:01:21 PST 2024","Mon Nov 25 19:02:35 PST 2024","Thu Nov 28 19:02:35 PST 2024","Thu Nov 28 19:03:13 PST 2024","","","74","100% (1/1)","100% (1/1)","0% (0/0)","true","false","true","false","NO","IT IS A PROVERB","A FRIEND IN NEED IS A FRIEND IS   DEED"
"3VDI8GSXBZRB8E7KHSKNCBFXJZ68GB","3QH037L2C735EFYINNDZFLZ78H7WAX","Submit an interesting fact or myth","Please submit an interesting fact or myth, and indicate which one. If submitting a fact, please provide a source (website URL, book reference, etc). If submitting a myth, please specify if it was generated with AI.","survey","$0.06","Mon Nov 25 12:33:09 PST 2024","100","BatchId:5274683;OriginalHitTemplateId:928390912;","3600","259200","Thu Nov 28 12:33:09 PST 2024","","","3YMTUJH0DDEHH24IFRYIJ2AAOFJT4O","A33DFUC7Z6E5DH","Approved","Mon Nov 25 13:33:42 PST 2024","Mon Nov 25 13:45:14 PST 2024","Thu Nov 28 13:45:14 PST 2024","Thu Nov 28 13:46:13 PST 2024","","","692","100% (1/1)","100% (1/1)","0% (0/0)","true","false","false","true","Chatgpt","science","The Earth is flat"
"3VDI8GSXBZRB8E7KHSKNCBFXJZ68GB","3QH037L2C735EFYINNDZFLZ78H7WAX","Submit an interesting fact or myth","Please submit an interesting fact or myth, and indicate which one. If submitting a fact, please provide a source (website URL, book reference, etc). If submitting a myth, please specify if it was generated with AI.","survey","$0.06","Mon Nov 25 12:33:09 PST 2024","100","BatchId:5274683;OriginalHitTemplateId:928390912;","3600","259200","Thu Nov 28 12:33:09 PST 2024","","","3Z7VU45IPJFWBFGYY14Y7S4OXTL1ZT","A1D8Q43RFFP1Z4","Approved","Mon Nov 25 20:53:53 PST 2024","Mon Nov 25 20:59:29 PST 2024","Thu Nov 28 20:59:29 PST 2024","Thu Nov 28 21:00:13 PST 2024","","","336","100% (1/1)","100% (1/1)","0% (0/0)","false","true","true","false","none","hopkinsmedicine.org/health","Cold weather can make you sick"
"3VDI8GSXBZRB8E7KHSKNCBFXJZ68GB","3QH037L2C735EFYINNDZFLZ78H7WAX","Submit an interesting fact or myth","Please submit an interesting fact or myth, and indicate which one. If submitting a fact, please provide a source (website URL, book reference, etc). If submitting a myth, please specify if it was generated with AI.","survey","$0.06","Mon Nov 25 12:33:09 PST 2024","100","BatchId:5274683;OriginalHitTemplateId:928390912;","3600","259200","Thu Nov 28 12:33:09 PST 2024","","","3ZDAD0O1TMB8F4SSZ20NGD78HCJTX2","A5UJW49VHBALQ","Approved","Mon Nov 25 22:03:01 PST 2024","Mon Nov 25 22:04:03 PST 2024","Thu Nov 28 22:04:03 PST 2024","Thu Nov 28 22:04:13 PST 2024","","","62","100% (1/1)","100% (1/1)","0% (0/0)","true","false","true","false","N/A","https://nationalzoo.si.edu/animals/news/why-are-flamingos-pink-and-other-flamingo-facts","Flamingo feathers are naturally white-gray, but then turn pink because of their diet of algae and brine shrimp."